Question,Label
"Could you share with me all the things you wanted to discuss today, Jessica?",0
"Can you describe what happened right from the start?",0
"What happened next, can you share with me?",0
"Could you describe what happened during that part?",0
"Can you describe what happened after that?",0
"What happened after that?",0
"Could you describe what happened afterward?",0
"Can you describe what happened after that?",0
"Could you go over what happened when the man was in the bathroom and asked you to stay silent?",0
"Could you start by telling me how everything unfolded from the start?",0
"What would you like to discuss with me today, Harry?",0
"Could you please explain everything that occurred with Uncle George while I wasn't there? Let's start from the beginning.",0
"Could you describe what took place while you were at Uncle George’s house?",0
"Could you describe what occurred after that?",0
"Could you describe what occurred after that?",0
"Can you describe what happened after that?",0
"Could you describe what occurred after that?",0
"Could you describe what occurred during that time?",0
"Can you explain further about the time when he was using the computer?",0
"Can you share more about the people who treated you rudely?",0
"Can you continue telling me what happened after that?",0
"Alright, can you describe what happened next after the game?",0
"Could you describe who is part of your family?",0
"Could you describe the duration he held onto your private area?",0
"How are you feeling at this moment?",0
"What would you like to discuss with me today, Jessica?",0
"Could you please tell me everything about the bad man, starting from the beginning?",0
"Could you describe everything that happened when you met the man who caused trouble?",0
"Could you please describe everything that occurred at the Kmart restroom, starting from the very beginning?",0
"Can you describe what took place next?",0
"Could you describe what more occurred?",0
"Can you describe what occurred after that?",0
"Can you share more details about what happened when you entered the bathroom?",0
"Can you describe in detail what happened when the bad man entered the room?",0
"Could you describe what happened next?",0
"Could you describe what took place after that, Jessica?",0
"Can you describe what took place after that?",0
"Could you describe in detail what happened with the woman who came in?",0
"Could you describe what occurred after that?",0
"Could you please describe in more detail the moment when he placed his hand on your mini?",0
"Could you go ahead and describe everything that took place when the woman entered?",0
"Could you describe what occurred after he mentioned that he was the assistant?",0
"Could you describe in detail what happened with the person who hurt you?",0
"What would you like to share with me today, Jessica?",0
"Can you explain to me what took place when you entered the restroom?",0
"Can you describe what took place after he spoke to you in the bathroom?",0
"Could you describe everything that occurred after that event?",0
"What happened next after that?",0
"Can you describe where exactly it happened?",0
"What can you share about your time staying at your cousin's place?",0
"Can you describe what happened the last time you slept over at your cousin's house?",0
"Can you go ahead and describe what happened after something happened with your bottom?",0
"What happened after that?",0
"Could you describe everything that happened when he had the soil on his hand?",0
"YOU MENTIONED EARLIER THAT HE PUT SOMETHING IN YOUR BOTTOM. CAN YOU DESCRIBE EVERYTHING ABOUT THAT INCIDENT?",0
"Could you describe everything that happened when he had the dirty spot on his hand?",0
"Can you describe what happened after he had his pants down?",0
"Could you tell me what occurred once you began to cry?",0
"Can you describe what occurred after that?",0
"Could you share everything that took place after that?",0
"Could you explain in detail what occurred when the controller got broken?",0
"Can you describe everything that happened today?",0
"What kind of games do you play with your teacher?",0
"Can you go into detail about what happens during show and tell, starting from the very beginning, as if I wasn't there?",0
"Could you please describe everything you remember about show and tell in as much detail as possible?",0
"Can you describe what happened when Mr. Matthews followed you into the cupboard after you put the paints away?",0
"Can you explain everything about what happened?",0
"Could you describe what occurred next?",0
"Can you start from the beginning and tell me about the time he followed you into the cupboard, focusing on the moment when he went first?",0
"Can you tell me what happened next?",0
"Can you continue telling me what happened after that?",0
"Can you describe in detail what happened when he lowered his pants?",0
"Could you describe what happened after that with his underwear?",0
"Could you describe to me what that was like?",0
"Could you describe what you did to show him?",0
"Could you describe in detail everything that happens from when it's your turn until he tells you to keep it a secret?",0
"Can you continue telling me what happened after that moment?",0
"What happened after that?",0
"Can you share with me all the details you can recall about what happened?",0
"Can you share with me all the details that you can recall?",0
"Could you share what took place after you got into bed?",0
"What would you like to discuss with me today?",0
"Could you describe what occurred after that?",0
"Can you describe what took place next?",0
"Alright, after he invited you to join him in the spa, can you describe everything that took place next?",0
"Could you describe what took place once you entered the spa with Janet and her grandfather?",0
"Could you describe what took place next?",0
"Can you describe what occurred following the feeling of a hand on your private parts?",0
"Can you describe what occurred after you relocated?",0
"After preparing fairy bread with Janet, can you describe what you did next?",0
"Could you explain what occurred after your mom came to pick you up?",0
"What would you like to share with me about why you're here today, Hilary?",0
"Could you describe Janet's house to me?",0
"Could you describe the inappropriate incident?",0
"Can you describe what happened next after he behaved inappropriately?",0
"Can you describe what happened after that?",0
"What did you experience following that event?",0
"Could you describe in detail everything that occurred from the beginning to the end when Pop behaved inappropriately?",0
"CAN YOU SHARE WITH ME EVERYTHING THAT OCCURRED FROM START TO FINISH WHEN GRANDPA WAS INAPPROPRIATE?",0
"What took place next?",0
"Can you describe what occurred next?",0
"Can you tell me what occurred after that?",0
"Could you explain everything that occurred after the incident with your private parts?",0
"What occurred next in the sequence of events?",0
"AFTER HM-HM HELD ON TIGHTLY, CAN YOU DESCRIBE WHAT OCCURRED NEXT?",0
"Can you describe what happened next?",0
"What more can you share about the game?",0
"Could you describe everything that occurs when you're inside the tunnel?",0
"Can you describe what else goes on when you're in the tunnel?",0
"Can you describe that further, Isabelle?",0
"Can you describe what you didn't like and explain what happened afterward when he did that?",0
"Can you explain further what happened after that?",0
"What happened next after he did that?",0
"Could you describe what occurred next after that?",0
"Could you describe in detail what you did after arriving home?",0
"What would you like to discuss with me today, Jessica?",0
"Can you start at the beginning and share everything that happened?",0
"Could you describe everything that happened next?",0
"Can you describe what occurred when you went to the bathroom?",0
"What occurred after the man helped you clean up?",0
"Could you describe everything that took place after he took off?",0
"Could you describe everything that happened to you?",0
"Could you describe what happened next?",0
"Can you describe in detail what he was doing with his hand when he touched you?",0
"What would you like to share with me about your visit today?",0
"Could you describe everything about your cousin to me?",0
"Could you share more details about what happened?",0
"Can you describe in detail what occurred?",0
"Can you describe everything that occurred when you got home from school with your cousin, as thoroughly as possible?",0
"Could you describe what took place after that?",0
"Can you describe anything else that took place?",0
"Can you describe everything else that took place?",0
"Can you describe what occurred next?",0
"Can you describe what occurred next?",0
"Can you share more details about the time your cousin was causing you harm?",0
"Could you tell me more about what else took place?",0
"Can you describe what happened next?",0
"Could you describe what took place after that?",0
"Can you describe what happened next?",0
"Could you describe what happened next?",0
"Could you explain in detail what you saw when there was blood on the stick?",0
"Can you describe what occurred next?",0
"Could you describe what took place next?",0
"Can you describe in detail what happened when everything became dark?",0
"Can you describe what occurred next?",0
"Can you describe in detail how you felt when you were afraid to leave the house?",0
"Could you describe in detail the part when he spoke unkindly to you?",0
"Can you describe anything more that took place?",0
"Could you describe to me what occurred next?",0
"Could you describe what took place next?",0
"Could you describe what occurred next?",0
"Can you describe what happened next?",0
"What would you like to share with me today?",0
"Could you describe what occurs after that?",0
"What can you share with me about why you've come to speak with me today, Millie?",0
"Could you describe everything that occurred when you visited Callum's house, starting from the very beginning?",0
"Can you describe what else took place at Callum's house?",0
"Could you describe what took place next?",0
"Can you share more details about what took place during your sleepover at Callum's house?",0
"Could you share further details about the thing that happened?",0
"Can you describe everything that happened when Callum did the inappropriate thing?",0
"Could you describe to me everything you noticed about the unclean area you mentioned seeing?",0
"Could you describe what took place following that event?",0
"What would you like to discuss with me today?",0
"Could you share with me everything you remember about your stepdad?",0
"Please share everything you can about Stephen.",0
"Can you describe in detail the kind of games he engages in during bath time?",0
"Could you describe to me all the details about the tickling game?",0
"Could you describe the Mr. Tickles game to me?",0
"Alright, can you describe in detail what he does from the moment he starts acting like Mr. Tickles, beginning with your toes?",0
"Could you describe everything he does when he tickles you?",0
"When he tickles you on your mini, can you describe everything that happens?",0
"Can you share some more details about what happens when Stephen touches you like that?",0
"Could you share more details about Stephen, such as his living arrangement with you and your mom?",0
"Could you describe him in more detail, please?",0
"What would you like to share with me about why you're here today?",0
"Could you describe in detail everything you recall about him, since this is our first conversation and I'd like to understand everything that occurred with him?",0
"Could you describe what happened after that?",0
"Can you describe what occurred next?",0
"Could you describe in detail what happened when he woke you up?",0
"Can you describe what took place next?",0
"Can you start from the beginning and tell me all about what happened with Millie, since I wasn’t there to see it?",0
"Can you describe what occurred following that event?",0
"Could you describe what happened in more detail?",0
"Could you explain in more detail what happened when he was jumping on the mattress?",0
"Can you explain what occurred next?",0
"Could you describe to me what took place afterward?",0
"Could you describe in detail everything you recall about the dirty spot?",0
"Could you describe what occurred next?",0
"Could you describe in detail the moment when he woke you up?",0
"Could you explain to me what occurred when you noticed his unclean area?",0
"Can you describe what more occurred that day?",0
"What occurred when you were asleep?",0
"Could you describe what occurred next?",0
"Could you describe in detail what happened when he showed you his doodle, since I wasn't there to see it?",0
"Could you start by describing everything that occurred when you arrived at his house, from start to finish?",0
"Could you describe to me the moment he offered you ice cream?",0
"Can you describe what occurred next?",0
"Can you describe what occurred following your move with the mattress?",0
"Can you describe what occurred next?",0
"What can you recall about the bad thing he did to you? Please tell me everything you remember.",0
"What more can you share with me about this situation?",0
"Can you describe what happened next?",0
"Could you describe what happened after that?",0
"What happened after that?",0
"Can you describe what took place after that?",0
"Could you describe what took place when he asked you to go to bed?",0
"Can you describe what happened next?",0
"Could you describe what happened next?",0
"What would you like to talk to me about today, Charlotte?",0
"Could you describe what took place involving your stepdad?",0
"Can you describe in detail what occurred while you were playing a game in the bath, starting from the beginning?",0
"Could you describe to me in detail what happened during your bath?",0
"Can you describe what occurred next?",0
"Can you describe what happened after that?",0
"Can you describe what occurred after that?",0
"Could you describe what happened next?",0
"What occurred after that?",0
"Could you describe to me what took place next?",0
"What occurred after that?",0
"What else can you share about the time when he was acting as Mr. Tickles?",0
"Could you describe in detail the moment when he touched you inappropriately?",0
"Can you describe in more detail the part where he was on top?",0
"What happened next after that?",0
"Can you describe what happened in your own words?",0
"Could you describe what happened next?",0
"What would you like to discuss with me today?",0
"What would you like to discuss with me today?",0
"Could you share some more details about your relationship with your stepfather?",0
"Could you describe to me what the tickling game was like?",0
"Could you describe the games you played while you were in the bath?",0
"Can you describe the game with the mermaid?",0
"Could you describe in more detail your experience of playing with Barbies in the bath?",0
"Could you describe to me what happened with your hair?",0
"Can you share more details about the game where you were tickled?",0
"Could you describe in detail what you dislike about the way Stephen tickles you on your mini?",0
"What would you like to discuss with me today, Isabelle?",0
"Could you describe to me what happens during the game with the doctor?",0
"Can you describe to me what occurred after that?",0
"Can you describe what took place next?",0
"Can you describe what happened next?",0
"Can you describe what took place after that?",0
"Could you describe what occurred after that?",0
"When you're ready, could you share all the details about what occurred when your dad pushed you?",0
"What happened after that?",0
"Can you describe what happened next?",0
"What would you like to share with me about why you're here today?",0
"Can you describe everything that occurred with Uncle Gary, starting from the very beginning?",0
"Could you describe everything you observed on the computer and what was taking place?",0
"Could you describe what happened following the time you saw the kissing and touching on the computer?",0
"Could you describe to me what happened when he reached into your pants and touched you?",0
"Could you describe what took place when you expressed your dislike and he laughed?",0
"Could you describe in detail what occurred during that time?",0
"Could you describe what took place just before he lifted you onto his knee?",0
"Could you describe what took place after he requested you to sit on his knee?",0
"Alright, can you describe what occurred after he inserted his private part into your backside?",0
"Could you describe what occurred when you left?",0
"What can you share with me about the incident when he took down your pants and inserted his privates into your bottom?",0
"What took place once your mum came to get you?",0
"Could you explain everything that occurred when you talked to your mom?",0
"Could you describe what took place after you informed your mom?",0
"Could you describe everything that happened the first time you were with Uncle Gary?",0
"What would you like to share with me today, Jessica?",0
"Could you describe everything you remember about the frightening man?",0
"Could you describe what occurred after that?",0
"Could you share everything you recall from the start, especially about the smelly, grey-haired man who entered the restroom?",0
"Can you describe to me what took place after that?",0
"Could you describe everything that occurred after that moment?",0
"Can you explain what happened after you didn’t want to stay inside?",0
"Could you explain in detail what happened with the man who hurt you?",0
"Could you describe what happened next?",0
"Could you describe in detail what happened when he placed your hand on your mini?",0
"Can you describe everything that occurred when the woman entered?",0
"Can you describe what occurred after the bad man left?",0
"What else can you share about what happened next?",0
"Could you describe everything that occurred when you returned to your mom?",0
"What were the things that happened which led you to start crying?",0
"Can you describe more details about the man's appearance, such as his hair color or any other features?",0
"What other details can you recall about the man's appearance besides his big beard?",0
"What can you share about that lady? What do you recollect about her?",0
"Can you share with me what brings you here to talk today, Millie?",0
"Could you describe to me what happened?",0
"Could you describe everything that took place?",0
"Can you describe what happened next?",0
"Could you describe everything you remember from the time you woke up and he started bouncing on the bed?",0
"Could you describe all the details about what you recall?",0
"Alright, could you describe what you mean by 'his thing'?",0
"Could you explain to me what you mean by yucky?",0
"Can you explain what he was doing with it that made you feel uncomfortable?",0
"Could you describe what occurred after he removed his thing from your bottom?",0
"Could you describe everything about Callum?",0
"Could you describe what happened in detail?",0
"Can you describe what occurred next?",0
"Could you start from the start and let me know what you wanted to discuss with me today?",0
"Could you start from the beginning and describe everything that happened when you played doctors with your brother, remembering that I wasn't there?",0
"What unfolded next?",0
"Can you explain what happened with the stick in more detail?",0
"Let's start from the beginning. Can you describe in detail what happens when you're in the tunnel?",0
"Can you describe what happens next?",0
"Could you elaborate on the incident involving the stick being placed in your bottom?",0
"Could you describe in detail what happened when you were down on your knees?",0
"Could you describe what occurred next?",0
"Can you explain what took place following that event?",0
"Can you explain what happened after that?",0
"Could you share everything you know about your brother?",0
"Can you describe in detail what occurred during your game of doctors, as I wasn't there to witness it?",0
"Can you please describe the stick you mentioned earlier in more detail?",0
"Could you share more details about what happened?",0
"Could you describe what happens when he uses his fingers in your private area?",0
"Can you describe in detail the most recent occasion when he tickled you?",0
"What would you like to discuss with me today?",0
"Can you describe all the events that took place during the incident, remembering that I wasn't present, so begin from the start?",0
"Can you describe what happened next?",0
"Could you describe what occurred after that?",0
"Could you describe what occurred afterwards?",0
"Could you explain what occurred after that?",0
"Could you describe what occurred after that?",0
"Could you describe what occurred after that?",0
"Could you describe what took place following that?",0
"Could you go on and explain what happened next?",0
"Can you describe what took place next?",0
"Harry, you mentioned seeing some rude people on the screen with Uncle George. Could you describe everything that took place? Keep in mind I wasn't present, so start from the beginning and tell me all the details.",0
"Can you tell me more about what else occurred?",0
"Could you describe everything that happened with Uncle George from the start, as if I wasn’t there?",0
"Can you describe what occurred next?",0
"Can you describe what happened next?",0
"Can you describe what occurred next?",0
"Could you share everything about why you are here to talk with me today?",0
"Can you tell me more about what happened?",0
"Could you describe in detail the moment when you misbehaved?",0
"What happened next?",0
"Could you explain in more detail about the moment when he asked you to touch his stick?",0
"Can you share anything more with me?",0
"Can you describe anything else that occurred during the time when he told you to touch his stick?",0
"What happened after that?",0
"What occurs after that?",0
"What occurred following that event?",0
"Could you describe in detail what occurs when you lift your dress, starting from the very beginning?",0
"What happened next?",0
"What did you see occur after that?",0
"What occurs after that?",0
"What occurred after that?",0
"Can you describe what happens next?",0
"What happens next?",0
"What do you believe we're here to discuss today, Sean?",0
"Can you describe what occurred after that?",0
"Could you describe what occurred next?",0
"What happened after you went to the bathroom?",0
"Could you explain what occurred after he informed you that you needed to visit the cubicle individually?",0
"What occurred after he made that comment?",0
"Could you describe what occurred after you entered the cubicle with Sam?",0
"Could you describe what happened next?",0
"Can you describe what happened next after he squeezed it so many times?",0
"What happened after that?",0
"CAN YOU DESCRIBE WHAT OCCURRED NEXT AFTER HE SPOKE THOSE WORDS?",0
"All right, can you tell me what happened after he said that? Did he stop or did something else occur?",0
"What did you do after you left the bathroom?",0
"What happened next?",0
"Can you describe what occurred after that?",0
"Can you walk me through everything that happened when you reached the monkey bars?",0
"What would you like to discuss with me today, Hilary?",0
"Could you describe what Janet's house is like for me?",0
"What can you share with me about the time at Janet's house?",0
"Could you describe everything that took place?",0
"Could you share everything you remember about the unpleasant event?",0
"Can you describe what occurred next?",0
"Could you describe what else took place when Pop did the wrong thing?",0
"Could you describe to me in detail what he was doing?",0
"Can you describe what happened next?",0
"Could you describe in detail what happened when his fingers were moving around your private areas?",0
"Can you describe in detail what happened when you and Janet were splashing around?",0
"Could you share additional details about what happened in the bubble pool?",0
"Can you describe what else occurred while you were in the bubble pool?",0
"Can you explain more about the part where you mentioned you didn't speak up?",0
"What occurred after that?",0
"What happened after that?",0
"Can you describe how it feels when you're uncomfortable down there?",0
"What more can you share about what happened during the incident?",0
"What would you like to share with me today, Alan?",0
"Could you share all the details about what happened with your neighbor?",0
"What can you recall about playing hide and seek?",0
"Can you share more details about what happens when you play after you get home from school, especially when you try to avoid him?",0
"Could you describe in detail the moment when you mentioned having to complete a dare?",0
"Could you describe what occurred afterwards?",0
"Can you describe what happened after that?",0
"Can you share everything you experienced with Jack?",0
"Could you explain to me what you do just before starting a game of hide and seek?",0
"Could you share everything you can remember about when he makes you take your pants off, starting from the beginning, Alan?",0
"Could you describe what occurs after he grips it so firmly?",0
"Could you share what happened after you told him you didn't like it?",0
"What can you share with me about the games you played?",0
"Can you describe the dance you perform for me?",0
"Alright, so when he does this, can you describe what happens next?",0
"Okay, so when you tell him you’re not interested in playing, what happens next?",0
"Can you describe what happens next when he squeezes it forcefully?",0
"Could you please share everything you remember from the start, since I wasn't present and would like to hear everything you can recall?",0
"Can you describe everything that took place during the spaghetti incident?",0
"Could you describe to me what occurred?",0
"What took place after your father mentioned that?",0
"Can you describe what occurred after your dad hit your mom on the cheek?",0
"Can you describe what occurred following the moment when dad hit mum on the head?",0
"Can you describe what took place following what your dad said?",0
"Can you explain what occurred after he seized your arm around your shoulder and pushed you?",0
"Can you describe what occurred after your head made contact with the table?",0
"What occurred once you were seated in the chair?",0
"What are you here to discuss with me today?",0
"Can you describe what happened with the bad man?",0
"Can you describe what occurred after that?",0
"Could you describe what happened next?",0
"Could you describe what happened next?",0
"Could you describe what took place next?",0
"Could you describe what took place afterwards?",0
"Could you describe what happened?",0
"Can you walk me through what happened next?",0
"Could you describe what he said about needing to assist you in more detail?",0
"Could you describe what happened in further detail?",0
"What occurred after he left? Could you describe what happened next?",0
"Could you describe that to me?",0
"Can you elaborate on what happened?",0
"Can you describe what took place next?",0
"What would you like to share with me today, Hilary?",0
"Could you describe what occurred the last time you were with your uncle?",0
"Could you describe what occurred after that?",0
"What do you remember happening next?",0
"Could you describe what took place next?",0
"What can you share about everything that took place from the beginning to the end?",0
"Could you describe what took place after that?",0
"Could you describe what occurred next?",0
"Could you walk me through what happened after that?",0
"Can you describe what occurred next?",0
"Could you describe in detail the time you showed you pictures on the computer?",0
"CAN YOU TELL ME WHAT HAPPENED NEXT",0
"Could you describe in more detail the time when he said he wanted to show you a new game?",0
"Could you describe what occurred next?",0
"Can you describe what happened next?",0
"Could you continue by describing what occurred afterward?",0
"How did the situation unfold when you started feeling upset?",0
"Can you describe what occurred following that event?",0
"Could you describe what occurred next?",0
"Can you describe what occurred afterward?",0
"Could you describe what took place following that event?",0
"Can you elaborate on the moment he touched your private area?",0
"Can you describe what occurred after that?",0
"What would you like to discuss with me today?",0
"Can you share everything you know about the Grade 6 boy I haven't met yet?",0
"Could you describe him in more detail for me?",0
"Can you share some more details on that and who you were with?",0
"Could you describe the game for me?",0
"Can you describe in more detail what Ben did with his hand on your private parts?",0
"Could you describe for me how one of them appeared?",0
"Alright, earlier you mentioned that Harry and Ian entered the cubicle as well. Can you tell me more about that?",0
"Hey Isabelle, can you share with me what brought you here today?",0
"Can you describe everything that occurred when you were with your brother?",0
"What activities do you do with your brother when you're at the park?",0
"Could you tell me what happened next?",0
"Can you describe what else took place?",0
"Could you describe everything you remember about the doctors?",0
"Could you describe what took place while you were playing doctors?",0
"Can you describe what occurred afterwards?",0
"Can you describe what happened in your own words?",0
"Could you describe everything else that occurred?",0
"Could you describe in detail the moment when he made you get on your knees and used the stick on you?",0
"Could you explain in more detail the part that was particularly painful?",0
"Could you describe in detail what happened when he moved it back and forth?",0
"Can you describe what occurred after that?",0
"Could you describe in more detail the moment when he asked you to kneel?",0
"What other things took place when he had you kneel down?",0
"Can you describe everything that occurred after you began to cry?",0
"Can you share what happened next?",0
"Could you describe in more detail how it felt when you mentioned it was painful?",0
"Could you share whatever details you recall about your time in the tunnel at the park?",0
"What would you like to discuss with me today, Isabelle?",0
"What else can you share about the activities you were involved in?",0
"What can you tell me about when he suggested playing the new game in the tunnel?",0
"Can you tell me more about what else occurred besides having no broken bones?",0
"Could you describe everything else that took place during that time?",0
"Could you describe everything that happened in as much detail as possible?",0
"Could you describe what occurred next?",0
"Could you share more details about what happened?",0
"Could you describe everything you remember about the stick?",0
"Could you describe what you felt concerning the temperature situation?",0
"What more can you share about what takes place in the tunnel at the park?",0
"What would you like to discuss with me today, Isabelle?",0
"Can you describe in detail the incident that occurred with your brother?",0
"Could you describe in detail the new game you played that was called Doctors?",0
"Could you describe to me what occurred after you were acting as the patient?",0
"What events followed?",0
"Can you describe in detail the moment when he used the thermometer on you?",0
"I want you to describe to me everything that happened with Johnny, especially what caused him to feel so much pain.",0
"Can you describe what occurred after you arrived home and started playing there?",0
"What are some of the enjoyable aspects of playing with your brother?",0
"Could you describe everything that goes wrong when you play with your brother?",0
"What are the moments when you feel safe around your brother?",0
"Can you describe what occurred after your mom agreed?",0
"Could you describe what occurred after that?",0
"What happened next, can you tell me?",0
"Could you describe what occurred after that?",0
"Can you describe what occurred after that incident?",0
"What would you like to share with me about your visit today?",0
"Can you explain everything that occurred during your play date with Janet, starting from the very beginning?",0
"What more can you share about the incident?",0
"Can you describe anything else that took place?",0
"Could you describe in detail the moment when Pop was pointing the hose at you?",0
"Can you describe what occurred after that?",0
"Can you describe what occurred after that?",0
"Could you describe what happened next?",0
"Could you describe everything that happened when you went swimming in the spa, starting from the beginning and including as many details as you can remember?",0
"Can you describe what occurred when someone touched you inappropriately?",0
"Can you describe what occurred next?",0
"Could you describe in detail the moment you noticed a hand on your private area?",0
"Could you describe in detail the situation when someone's hand was on your swimming costume?",0
"Could you describe what happened when he pushed the hand away?",0
"Could you describe in detail what you noticed when you realized it was Janet's dad's hand?",0
"Can you describe in detail what happened when Janet's pop was very near to you, remembering that I wasn't present?",0
"Could you describe what took place after that?",0
"Could you continue by telling me what happened after that?",0
"Can you describe what occurred next?",0
"Can you describe what took place following what Dad did?",0
"Can you describe what occurred next?",0
"What would you like to share with me about your visit today, Millie?",0
"Could you describe your cousin to me?",0
"Could you describe what occurred with Callum?",0
"Could you describe to me what took place in the bedroom?",0
"Can you describe what occurred when he removed your pajamas?",0
"Could you describe in detail what occurred when something went into your bottom?",0
"Can you describe that dirty place to me?",0
"Can you describe what occurred after he did that?",0
"Could you describe what happened?",0
"Could you describe what occurred following that event?",0
"What would you like to discuss with me today?",0
"Please share all that you remember about your stepdad and what you've come here to discuss.",0
"Could you describe in detail what happens during the mermaid game?",0
"Can you describe what happened during your swimming game?",0
"Could you share everything you remember about him tickling you?",0
"Can you describe in detail the times he tickles you on the outside of your mini?",0
"What can you share about what occurs when he moves closer?",0
"What more can you share about what has been happening?",0
"What things usually happen after you leave the bathtub?",0
"Can you share some more details about your stepdad?",0
"What more can you share with me about the games involving tickling?",0
"Who else have you shared details about the tickling game with?",0
"CAN YOU SHARE MORE DETAILS ABOUT YOUR CONVERSATION WITH TAMMY?",0
"Could you describe in detail what Stephen does while you're taking a bath?",0
"Could you explain in detail what activities he uses his hands for?",0
"Can you describe in detail how he uses his fingers?",0
"Could you explain in more detail about your mom?",0
"Could you explain everything that happened with hide and seek, starting from the very beginning?",0
"Could you describe what happened with Jack in more detail?",0
"Could you describe more about the time you and Jack played games together?",0
"What else can you share about the hide and seek games you and Jack play?",0
"Could you describe the part where you mentioned the dares?",0
"Could you go back and explain more about what happened during the rude dare?",0
"Could you describe what happened next?",0
"Could you describe what took place next?",0
"Can you tell me in detail what happened when Jack told you to take off your pants, Alan?",0
"Can you describe in detail what happened the day you played that hide and seek game?",0
"Could you describe everything you remember about the moment when he touched you on your doodle?",0
"Could you describe what occurred next?",0
"Can you explain more about the moment when he used his hand on your doodle?",0
"Can you describe everything that happened when you played hide and seek near the shed?",0
"Could you explain more about the moment when you took your pants off?",0
"Could you describe the reasons for your visit with me today, Sarah?",0
"Could you explain in detail what happened with your cousin?",0
"When you're ready, please share everything you want to discuss about your cousin Mark with me.",0
"Could you describe in detail the hurtful things he mentioned to you?",0
"Can you describe what occurred next?",0
"What happened after that?",0
"Can you continue by telling me what occurred next?",0
"Can you describe what happened after that?",0
"Can you describe what occurred after that?",0
"Could you describe in detail what occurred when he instructed you to go to your room?",0
"Can you describe in detail what happened after you removed your dress since I wasn't present then?",0
"Could you describe what happened while you were on your bed?",0
"Could you describe in detail what occurred when he halted?",0
"What happened when you woke up the following morning?",0
"Could you describe everything that took place when you arrived at school?",0
"What happened next?",0
"Could you describe what happened next?",0
"Can you share with me what happened?",0
"What would you like to discuss with me today, Isabelle?",0
"Could you describe in detail the difficult experience you had with your brother?",0
"What can you share about the new game called Doctors?",0
"Could you describe what happened after you pretended to be the patient?",0
"Can you describe what occurred afterwards?",0
"Could you describe in detail the moment when he used the thermometer on you?",0
"Could you describe what happened when you went home and played in your room with the thermometer, Isabelle?",0
"What happened with Johnny? Can you share all the details about him?",0
"What else can you share about what occurred once you got home and played?",0
"What are some things you enjoy about playing with your brother?",0
"What are all the things that happen when you play with your brother that you don't like?",0
"Could you describe every situation where you feel secure around your brother?",0
"What would you like to discuss with me today, Jessica?",0
"Can you describe everything about the man who hurt you?",0
"What else can you share about your time at the swimming pool?",0
"What happened after that?",0
"Could you continue and tell me what happened next?",0
"Could you describe what occurred next?",0
"Could you describe in detail what occurred when the intruder entered?",0
"Can you describe what happened when he mentioned he needed to assist you with wiping?",0
"Could you describe what happened when his hand was between your legs?",0
"Can you describe what occurred next?",0
"Could you describe that woman in more detail?",0
"Can you describe in detail what the woman told you?",0
"Can you describe what occurred next?",0
"Can you describe what happened with the man who hurt you?",0
"Could you share more details about your memories of the man?",0
"Can you describe in detail what his brown hair is like?",0
"Could you describe his blue shorts in more detail?",0
"What other details can you recall about the man who hurt you?",0
"Can you describe in detail what happened with the thongs?",0
"What happened when he entered the cubicle?",0
"Could you describe what occurred next?",0
"Could you describe in detail what happened when he touched you on your private area?",0
"What more can you share about the way he touched your mini?",0
"Can you describe in detail what you noticed about his hand?",0
"Could you describe what happens when your mom gets upset?",0
"Can you explain to me why you are here to talk with me today, Sarah?",0
"Can you describe the large stick to me?",0
"Hi Lucy, can you share with me what brought you here to talk today?",0
"Could you describe everything you know about Mr. Matthews since I wasn't around when he was mentioned?",0
"What more can you share with me about Mr. Matthews?",0
"Could you describe what it's like when Mr. Matthews is instructing you in art?",0
"Could you describe in detail what happened as you were putting the paints away?",0
"Can you describe that situation more fully?",0
"Could you elaborate further on the dare?",0
"Could you share more details about what happened?",0
"Could you start by explaining what happened with the dare and how he began?",0
"Can you describe what occurs after he takes the lead?",0
"Can you describe what took place after that?",0
"What happened next?",0
"What happened next?",0
"Can you describe what happened next?",0
"Could you explain what occurred next?",0
"What happened next after that?",0
"Can you describe what occurred next?",0
"Can you describe in more detail what happened in the cupboard?",0
"Could you describe more about what you recall regarding the cupboard?",0
"What can you share about the times you've been inside the cupboard?",0
"Would you mind sharing more details about the time when Mr. Matthews took you to the cupboard?",0
"What occurs next once he comes in after you?",0
"Could you share more details about what happened during show and tell?",0
"Could you describe everything that brought you here to talk to me today?",0
"Could you share more details about the man who hurt you?",0
"Could you describe the place where you first encountered the man who hurt you?",0
"Could you describe what took place next?",0
"What took place after those events?",0
"What happened next?",0
"Can you describe what occurred after that?",0
"Can you describe what occurred after that?",0
"Can you describe what occurred once you began to cry?",0
"Could you describe what your next actions were after that?",0
"What occurred following your conversation with her?",0
"Could you describe what happened next?",0
"Can you describe what occurred after you informed your mom?",0
"What would you like to share with me about your visit today?",0
"Could you describe everything that occurred with Uncle George right from the start?",0
"Can you share more details about the game played by the older kids?",0
"Tell me everything you remember about that particular day playing the big boys' game, as I wasn't there and need you to explain what happened.",0
"Can you describe what occurred after you encountered those rude individuals?",0
"What happened after the older kids played their game?",0
"Can you describe in detail what happened when he put his hand inside your underwear?",0
"Can you describe what happened next?",0
"What didn't you like about the big boys' game, and what more occurred during it?",0
"Can you share more details about what else occurred?",0
"Could you describe more about the time outside when he put his hand in your pants?",0
"Can you describe everything that occurred after he squeezed your fingers on your private area?",0
"Can you describe what occurred after that?",0
"What occurred after you began to cry?",0
"Could you share more details about when things began and the individuals who were unkind?",0
"CAN YOU DESCRIBE WHAT YOU SAW WHEN THEY HAD NO CLOTHES ON?",0
"Can you describe what happened during that time?",0
"What happened after that?",0
"Can you tell me what happened next?",0
"Can you describe what happened after that?",0
"Can you describe what happened next?",0
"Can you describe what happened next?",0
"Can you describe what happened after that?",0
"Can you describe what took place next?",0
"Can you describe what occurred next?",0
"Can you start from the beginning and tell me what you talked about with them?",0
"Could you begin by describing what happened from the start?",0
"What would you like to discuss with me today?",0
"Could you describe what happened after he inserted something into your bottom, sweetheart?",0
"Can you describe what happened afterwards?",0
"Could you describe everything that happened after the long part?",0
"Could you continue and describe what happened afterward?",0
"What would you like to share with me about your day, Isabelle?",0
"Could you start from the beginning and tell me what occurred that led to your bottom becoming sore?",0
"Thank you for sharing, Isabelle. Could you please describe everything that occurred the last time you went to the park with your brother? Start from the beginning and include even the smallest details.",0
"Could you describe all the details of the game you played with the doctor?",0
"Can you describe what goes on when you and Johnny play this doctors game?",0
"Could you describe what other things occur?",0
"Could you describe what occurs when he takes your temperature and it causes you pain?",0
"What can you share with me about everything that occurred just before you entered the tunnel?",0
"What happened after you were playing on the see-saw?",0
"Could you describe in detail what occurred when Johnny put a stick in your bottom?",0
"Can you describe what happens after that?",0
"ALRIGHT, AFTER HE TAKES YOUR PANTS DOWN AND INSERTS THE STICK, CAN YOU TELL ME WHAT HAPPENS NEXT SO I CAN FULLY COMPREHEND YOUR EXPERIENCE, ISABELLE?",0
"Can you describe what occurred after Johnny asked you to keep it a secret?",0
"Can you describe what activities you and your family engaged in once you arrived home?",0
"Could you describe everything about your brother Johnny?",0
"What are some of the positive things you can share about Johnny?",0
"Alright, so after you were playing with your Barbie on your own, what happened next?",0
"Can you describe what else occurs when you're at the park?",0
"Can you describe what occurred when he used the stick to examine your bones?",0
"Can you explain what occurred next?",0
"Can you share what you said to her?",0
"Can you explain why you decided not to tell anyone what you mentioned earlier?",0
"Can you describe why you mentioned to the interviewer that your dad, the defendant, touched you inappropriately?",0
"Can you explain why?",0
"What emotions were you experiencing when she was questioning you?",0
"Could you tell me which brothers you are referring to?",0
"Could you go back and describe where you were living around December 2016?",0
"Can you describe what you noticed when you first opened your eyes?",0
"Can you describe how you figured out it was a male?",0
"Could you tell me what shows you enjoy watching on television?",0
"Can you describe how much time you spent crying upstairs?",0
"Could you describe the types of pictures he captured?",0
"How do the two things vary from each other?",0
"Can you describe the place where you took a seat?",0
"Can you explain who you meant when you mentioned Eddie?",0
"Can you describe exactly where you mean when you say private part on your body?",0
"How would you describe how you got along with Frankie?",0
"What can you tell me about the T-shirt and pants you had on?",0
"Could you describe which breast was touched, or were both involved?",0
"Can you describe the way you went from the sidewalk by Red Buffalo to your apartment?",0
"Can you describe the location where the touching occurred?",0
"Can you tell me how many fingers he used when you were sitting on the couch and he put his finger inside your vagina?",0
"Who was the first to talk when you were in the room?",0
"Could you describe where Sam was while your mother was taking a shower?",0
"Can you tell me what she was called?",0
"Could you explain why you responded affirmatively?",0
"Could you describe which pieces of clothing he removed?",0
"What actions did you take once you were back in the car?",0
"Can you describe what happened when she was with him?",0
"CAN YOU DESCRIBE WHERE YOUR MOTHER WAS SITTING WHEN LAZARO FIRST CLIMBED INTO THE BED?",0
"Can you describe how much time you spent in the living room on that day?",0
"Can you describe the kind of place you relocated to in Concord?",0
"Can you explain the reason behind it?",0
"When exactly did you decide to close your eyes?",0
"Can you tell me more about how it occurred?",0
"How often do you recall saying no to him?",0
"Can you describe the usual notes you sing?",0
"Can you describe the number of bedrooms it has?",0
"Can you describe your current feelings about that situation?",0
"Could you tell me which school you attend?",0
"Who was with you when you got home?",0
"Can you explain how you recognized the voice as Mr. Manila's?",0
"Could you describe which hand he used?",0
"Could you tell me which grade you are in?",0
"Could you describe what you were hoping to do?",0
"Can you describe where she was located?",0
"Can you describe who that person is?",0
"How did you feel about everything that happened?",0
"What makes you identify this as the basement of the Scotts Valley house?",0
"What activities did you engage in when you went out late?",0
"What makes you feel unsure about trusting others?",0
"Could you describe the place where you spoke to your mom?",0
"How would you explain what your relationship with Jane Doe was like back then?",0
"Could you describe what happened then?",0
"What are the signs that help you identify it?",0
"Could you describe the months you think of when you say it feels more like summer?",0
"What was your morning like when you woke up?",0
"Could you explain to me where you mentioned Mayra?",0
"Could you describe who instructed you to enter the room for a conversation?",0
"What were you given?",0
"What was providing light in the room?",0
"Can you tell me the names of those involved?",0
"Can you describe which room you entered after you went back inside?",0
"Can you describe what he used to take pictures of you? Was it a phone or a camera, or something else?",0
"Could you describe what you were engaged in during that time?",0
"Could you tell me your father's name?",0
"Could you please share with me the date of your birthday?",0
"Can you explain the reason behind that?",0
"Could you share everything you wrote or mentioned in the message to your closest friend?",0
"What makes you think it was him?",0
"Can you explain how the discussion started?",0
"Could you explain what stands out to you about the time when your mom was in the shower?",0
"Can you describe what happened when you returned to the house?",0
"Could you explain who you meant when you talked about someone touching your chest?",0
"How did you feel during that moment?",0
"Could you describe what actions he took with the blanket after he returned to the dude room?",0
"Can you share more details about that specific memory with me?",0
"Can you describe your feelings about that?",0
"Can you describe it for me?",0
"What happened immediately after the defendant finished putting his penis in your butt?",0
"Can you describe who you think might have written that?",0
"Could you describe when it all began?",0
"Can you explain how you arrived there?",0
"Could you describe everything that took place?",0
"Could you describe what conversation you had with her once you arrived at the park?",0
"Can you tell me who that person is?",0
"What was happening while he was touching your private area?",0
"When you mentioned 'on one side,' can you describe what was located on the opposite side if fish were on one side?",0
"How did you initially get to know Daniel?",0
"What kind of consequences did you face at that time?",0
"Can you describe the person?",0
"Can you describe what actions the defendant took following that?",0
"What actions did he take?",0
"Could you describe what he was up to?",0
"Could you tell me the name of that school?",0
"Could you describe the spot where the video camera was placed?",0
"Could you describe what we are observing here?",0
"Can you describe the number of beds present in that studio apartment?",0
"When you mention being aware of what was happening, could you explain what you mean?",0
"When you headed upstairs, can you describe how many of your cousins were there?",0
"Can you share how many years you have been alive, young man?",0
"When did you receive these messages?",0
"Who was the one to start the kiss?",0
"Could you describe how often you stayed overnight at Janet Doe's place during the time you attended the same school?",0
"Could you explain the reason for that?",0
"How old does that make you now? Feel free to use your fingers to count if you'd like.",0
"Could you describe who was present in the other bedroom?",0
"Could you describe everything he brought along with him?",0
"Could you describe what Jocko was doing?",0
"What moments do you remember watching him?",0
"Could you describe what occurred with your friend?",0
"Can you recall the place your mom and family relocated to after living in the house in Fremont?",0
"Could you explain what you mean by up?",0
"Could you describe what happened the previous time?",0
"Can you describe how you obtained the drinks?",0
"How do you recall that happening?",0
"What events took place after school?",0
"Can you describe what you thought might happen and whether it was actually occurring?",0
"Could you describe to me the way you got into the house?",0
"Who is the sender mentioned?",0
"Could you describe once more how he was positioned in relation to you on the reclining sofa during the second instance he touched you?",0
"Could you explain what the walls separated?",0
"What made you realize that it was him?",0
"Could you describe what happened to us?",0
"Could you explain what occurred following those 15 minutes?",0
"What can you share about what occurs when you arrive at the hotel room?",0
"Could you describe what he did when he put his hand in the front of your pants?",0
"What was your age at the time?",0
"What made you uneasy about discussing it?",0
"Can you describe the place you were in while you were speaking with him?",0
"Can you tell me what you observed coming from his penis and where it ended up?",0
"Could you explain the place where you came across it?",0
"Could you describe which area of your skin he made contact with when you were in your brother's room?",0
"Alright, once they were gone, can you describe what you and your younger sister, Josselyn, did?",0
"Can you describe where Josselyn was at the time you woke up?",0
"Could you explain to me in detail what you meant when you mentioned he touched your chest area?",0
"How have you been feeling today?",0
"Can you tell me which school that was?",0
"Could you describe the duration of what happened?",0
"What made you choose not to discuss that with us today?",0
"Can you describe your position in the room?",0
"Could you recount how many there were at that moment?",0
"Can you share your thoughts on whether you believed things would change for the better in the new house?",0
"Can you describe what happened with the other phones?",0
"Can you explain what you see here in People's Exhibit 12?",0
"Can you describe exactly where on your legs he touched that forced your legs apart?",0
"Can you describe how far Deborah was when Lazaro joined you in bed?",0
"Could you share with me the number of siblings you have?",0
"Could you explain what you meant by saying you weren't allowed to leave?",0
"Could you describe what took place following that moment?",0
"Can you describe what you were doing from the moment you woke up until Mr. Manila returned, between 9 and 9:30?",0
"Can you describe who was using the third bedroom?",0
"Could you describe when he mentioned that to you?",0
"Can you describe the song you remember?",0
"Could you tell me which city the house we're discussing is located in?",0
"How would you describe the way he spoke?",0
"Can you describe what you did with your hands when you were feeling that pain during the first incident at the party?",0
"Could you explain the reason for that?",0
"How did you respond to what happened?",0
"What made you agree to that?",0
"Can you describe what made you upset?",0
"Could you describe how many showers are available in your house?",0
"Can you explain what you mean by having several tough times together?",0
"Could you explain what you meant by saying it was just at that time?",0
"Could you describe what happened?",0
"Who else made you upset on that day?",0
"Can you describe who else stayed in the first townhouse with you while you were living there?",0
"Can you describe where you were living when you were 15 for the third time?",0
"Can you describe the place where it happened?",0
"What made you understand how to open the deadbolt?",0
"Can you describe where you were taken by her?",0
"Could you tell us about how frequently he touched your vaginal area at the Sunol house?",0
"Can you tell me the new place you were taken to?",0
"Could you describe what took place when you went inside the closet?",0
"Can you describe everyone who was present at the party?",0
"Can you describe your position compared to where the defendant, your dad, was located?",0
"Can you describe what you see in that picture?",0
"Can you tell me when you were born?",0
"What happened after you and Janet Doe went to the backyard to eat your donuts?",0
"Can you describe who was at home when it first occurred?",0
"What was your usual way of getting home after school?",0
"Can you share your age with me?",0
"Can you describe the length of time you were waiting there?",0
"How did you feel about that?",0
"Could you describe the street to me?",0
"What actions did you take once he joined you and Janet Doe for a conversation?",0
"At what age did the inappropriate behavior start with you?",0
"Who was it that entered the vehicle?",0
"What actions were you taking as your pants were being undone?",0
"Could you tell me your age, Keola?",0
"What actions did you take upon arriving at the donut shop?",0
"Can you describe how the bathroom looks?",0
"During the second discussion in front of the house, how often do you think you told them that nothing occurred in the bedroom?",0
"Could you explain how you realized you were in a difficult situation?",0
"Could you explain where he placed the vibrator when he was in contact with you?",0
"Could you describe in detail what you mentioned to the officers about his inappropriate touching?",0
"Can you explain to me what led to that situation?",0
"Could you describe how you identify the photograph labeled People's 2 AE-4?",0
"Could you explain what kinds of touches you experienced when he touched your vaginal area?",0
"Could you describe what took place on Monday morning?",0
"Could you tell me which grade you are currently in?",0
"Can you tell me what grade you were in when you were 11?",0
"Can you describe what occurred after that?",0
"Could you explain how you and the other person ended up lying on the bed watching a movie, and who thought it would be a good idea?",0
"Can you describe how they appeared from the sides?",0
"Can you describe what led you to go out to the car? Did your mom ask you to come, or did you decide on your own?",0
"Could you describe your relationship with Jan?",0
"Could you describe how lengthy the touching incidents were when he interacted with you? What would be the usual duration for such occurrences?",0
"Can you explain how he prevented you from doing that? What exactly do you mean?",0
"Can you explain the reason for that?",0
"Could you describe the way he would touch your stomach?",0
"What were the reasons you started crying during the interview?",0
"Could you tell me their names and how old they are?",0
"Alright, can you share some of the honest things you mentioned?",0
"Could you explain what made you mention him touching your bottom during that discussion? What about that event stood out to you?",0
"Could you describe step-by-step what happened after he spread or touched your knees and pulled your legs? Did he move his hands side to side or front and back?",0
"What was it that made you feel upset?",0
"What events took place following the defendant's apology?",0
"Can you describe the longest time he was away? How would you say how long he was gone initially?",0
"How confident do you feel about that?",0
"Can you tell me which college he attends?",0
"Could you describe to me what you shared with Ms. Weisberg?",0
"Could you tell me who you were talking to, Alfredo, and what the discussion was about?",0
"How were you positioned, and which side of your body were you lying on?",0
"Who was the first person you talked to about it?",0
"What makes you understand that he was engaged in masturbation?",0
"Could you tell me about the car you were in?",0
"Can you explain why you acted like you were asleep on more than one occasion?",0
"Can you describe the times when you went to their house after school, and what grades you were in during those visits?",0
"At what time during the day would these events occur?",0
"Can you describe what you and your father intended to do to upset your mother and make her feel unhappy?",0
"Can you describe the classes you shared with her at school, such as subjects, and what grade you were in when you knew Jane Doe?",0
"What made you feel worried at that moment?",0
"Can you explain to me what it felt like when you touched his leg and describe what the blanket and Steed's leg were like?",0
"What did you experience once your family learned about the situation?",0
"Alright, can you share with me why you chose to confide in Ricky?",0
"Can you describe the places where he would take pictures of you?",0
"Can you describe what took place while you were inside the van with your mother and the defendant?",0
"How did you react? Can you walk me through everything you did?",0
"Can you tell me what hours she usually worked?",0
"Can you describe where you were lying down, like on the couch, bed, floor, or a chair?",0
"Could you describe in detail the topics you discussed with her? What actions by the defendant stood out as inappropriate?",0
"Can you describe in detail what occurred when he entered your room and touched you inappropriately?",0
"Can you describe the kind of physical touch that occurred when your vagina was touched?",0
"Could you explain a bit more about that? What do you mean by it seems different?",0
"Can you share with me where you attended middle school prior to enrolling in High Tech High School?",0
"How often do you remember him entering your room late at night?",0
"Could you describe a typical instance when you were 13 and something inappropriate happened in the living room? What areas of your body would he touch during that time?",0
"Can you describe where everyone was seated on the couch?",0
"Could you describe everything that was happening during those two minutes? What actions did your stepfather take?",0
"Can you describe what was happening right before he attempted to engage in sexual activity with you? What were you doing at that moment?",0
"Could you describe everything that occurred?",0
"Could you explain if it occurred with someone specific or just in general? What exactly took place?",0
"How did you feel when that happened?",0
"Can you explain the reason?",0
"What did Mr. Martin say when it was bedtime, and how did everyone react to his announcement?",0
"Can you describe what he's using, and whether it's his fingers or something else, to make circular movements?",0
"What makes you uncomfortable about being here?",0
"Can you describe when during the year this occurred?",0
"Can you describe what you were doing at the time?",0
"Can you remember how you detailed the number of times you were touched when you first talked to her?",0
"Can you share with me what you called him and what his name was?",0
"Could you tell me who accompanied you to court today?",0
"Could you share with me their names and how old they are?",0
"Can you explain what made you tell the D.A.'s office back in February that he hadn't touched you and how this related to any plan you discussed with your dad?",0
"Can you describe the kind of work your mom did at that time?",0
"What can you tell me about the length of time you spent at your aunt's house?",0
"Could you share with me if you're the oldest sibling and also tell me about Sam, Max, and Forest's father?",0
"Can you recall your age around the time that occurred?",0
"Can you explain in detail the family challenges you were experiencing, Justine?",0
"What do you typically put on when you're getting ready to sleep?",0
"Can you describe the place you were at during that moment?",0
"Could you describe how he managed to put his hand in your pants? What specifically occurred?",0
"Can you describe how you ended up on the floor? Was it your decision, or were you asked to get down there?",0
"Alright, can you describe what occurred whenever your mom arrived home or Dakota entered the room? How would the defendant act?",0
"Can you describe which house it is and how you identify it?",0
"Who decided how you should stand, did he instruct you, or did you decide on your own?",0
"Alright. Can you tell me about the first occasion he touched your vagina and where it took place?",0
"Could you describe your emotions when the defendant said sorry? How did that make you feel?",0
"Can you describe your emotions and thoughts during that moment?",0
"Could you explain who they all refers to?",0
"Can you describe the area on your legs?",0
"Could you share with me when you were born?",0
"Can you recall the number of different occasions you talked with Bridget?",0
"Could you describe the financial problems that your family was experiencing?",0
"How would you describe the differences between high school and middle school?",0
"When you mention regular occurrences, can you explain what that entails? How frequently did these events take place?",0
"Could you describe what emotions you experienced as a result of that?",0
"Can you explain why you were in the kitchen at that moment and what you were doing there?",0
"Can you tell me what his name is?",0
"Can you describe the places where you would be when he touched you like that? Would it happen at his place or somewhere else?",0
"Can you describe whose suggestion it was to go to your bedroom and take photos?",0
"Can you describe how you reacted when he was touching you?",0
"What are the reasons you prefer not to answer these questions?",0
"Can you describe what happened with the people around you when it was a little after midnight?",0
"Alright, could you tell me about how old you were when he first became part of your life?",0
"Could you explain how you are acquainted with him?",0
"Can you explain in detail how he first touched your private area and what he did?",0
"Alright, can you describe your feelings when the defendant was released from custody?",0
"How did you feel when he touched you in that manner?",0
"Could you describe your age and the city you relocated to at that time?",0
"Could you explain who mentioned that to you?",0
"Could you describe the situation that led to your meeting with the counselor? What were you doing at that time?",0
"Can you tell me which grade you were in during that period?",0
"Could you tell me everyone who was in the car then?",0
"Alright, can you tell me how much time you spent waiting?",0
"Can you explain why you mentioned biting him at CALICO but later said you didn't? What made you say it differently each time?",0
"Alright, how did it usually conclude? What would happen to make the touching stop? How did those encounters finish, if you can describe it?",0
"Can you describe exactly what you meant by exaggeration?",0
"Can you describe how you knew he was angry, maybe something about his expression?",0
"Could you explain what your townhouse was like when you moved in at age 12, including the number of your unit?",0
"Can you describe to me which hand was involved during this encounter and on which breast?",0
"Can you describe in detail how he managed to photograph you when you were walking around the house or watching TV?",0
"Can you describe what you saw when you came into the closet and found part of the baby monitor there?",0
"Could you describe how you both traveled away from there and what mode of transport you used?",0
"Could you describe when this took place, perhaps during the night or at another time?",0
"What is the duration of your spring break?",0
"Can you describe what you see in the photograph I'm pointing to on page 3 of People's 8 for identification?",0
"Can you start by explaining what you meant when you said, He wouldn't actually enter, but he would just stay over it?",0
"Could you describe what occurred in the studio and where exactly you were located at the time?",0
"Can you tell me who that person is?",0
"What other things have been worrying you?",0
"Could you tell me what you talked about?",0
"Can you recall whether the party took place in the afternoon or evening, and what time it was?",0
"Can you explain why you mentioned that to the detective if it wasn't accurate?",0
"Alright, when you mention being penetrated, could you describe how he did that and with what?",0
"Could you describe who accompanied you to the party and how you arrived there?",0
"Can you describe in detail how you remember it occurring twice during elementary school and twice in middle school, and what helps you link these events to those specific times?",0
"Can you describe the place you are living in and the city it's located in?",0
"Can you tell me the location?",0
"Can you describe who was there and awake when you arrived at your grandparents' house in the morning?",0
"Could you describe what made you feel scared?",0
"What can you tell me about her?",0
"How were you able to identify those body parts as your own when they weren't covered by clothing?",0
"Could you describe any problems happening at home?",0
"Can you explain the reasons behind telling someone that Eddie entered the bathroom and watched you change into a blouse?",0
"What were you thinking, and why did you feel that way?",0
