Question,labels
JESSICA TELL ME WHAT YOU'VE COME TO TALK TO ME ABOUT TODAY,0
START FROM THE BEGINNING,0
OKAY AND THEN WHAT DID YOU DO,1
OKAY SO TELL ME ABOUT THAT PART,1
OKAY AND WHAT HAPPENED NEXT,1
AND THEN WHAT HAPPENED,1
AND THEN WHAT HAPPENED,1
OKAY AND WHAT HAPPENED NEXT,1
OKAY CAN I JUST TAKE YOU BACK TO WHEN THE MAN WAS IN THE TOILET AND HE TOLD YOU TO BE QUIET,1
DID HE SAY ANYTHING ELSE TO YOU,2
TELL ME WHAT HE SAID,2
OKAY DID YOU KNOW THE MAN JESSICA,2
HOW DID YOU KNOW THE MAN,2
OKAY DO YOU KNOW THE MAN'S NAME,2
OKAY HAD THE MAN SPOKEN TO YOU BEFORE,2
CAN YOU TELL ME WHAT HAPPENED WHEN THE MAN SPOKE TO YOU BEFORE,2
FROM THE BEGINNING,0
OKAY AND HAS THE MAN EVER COME INTO THE TOILETS BEFORE,2
OKAY IS THERE ANYTHING ELSE THAT YOU CAN TELL ME JESSICA ABOUT THAT TIME IN THE TOILETS,2
HARRY WHAT YOU'VE COME HERE TO TALK TO ME ABOUT TODAY,0
HM I HEARD THAT UNCLE GEORGE WAS RUDE TO YOU IS UNCLE GEORGE RUDE TO YOU,3
WELL I WASN'T WITH YOU WHEN UNCLE GEORGE WAS RUDE TO YOU SO TELL ME EVERYTHING THAT HAPPENED AND WE'LL START FROM THE BEGINNING,0
SO WHAT HAPPENED WHEN YOU WERE AT UNCLE GEORGE'S HOUSE,1
HM-HM AND WHAT HAPPENED NEXT,1
HM-HM AND WHAT HAPPENED THEN,1
AND WHAT ELSE HAPPENED,1
AND WHAT HAPPENED THEN,1
AND TELL ME MORE ABOUT WHEN THAT HAPPENED,1
OKAY SO WHAT HAPPENED FIRST WHEN YOU GOT THERE,2
AND WHAT WAS UNCLE GEORGE DOING WHEN YOU WERE WATCHING TV,2
ALL RIGHT TELL ME MORE ABOUT THE PART WHEN HE WAS ON THE COMPUTER,1
CAN YOU DESCRIBE THE RUDE PEOPLE,2
HM-HM TELL ME MORE ABOUT THE RUDE PEOPLE,1
YEAH AND THEN WHAT HAPPENED NEXT,1
OKAY CAN YOU TELL ME MORE ABOUT THE GAME FOR THE BIG BOY,2
WHAT HAPPENED WITH THE BIG BOY GAME,2
OKAY SO AFTER THAT GAME WHAT HAPPENED THEN,1
OKAY SO I DON'T KNOW YOUR FAMILY CAN YOU TELL ME ABOUT MEMBERS OF YOUR FAMILY,2
HM-HM WHO IS IN YOUR FAMILY,1
AND DO YOU KNOW IF UNCLE GEORGE IS SOMETIMES CALLED A DIFFERENT NAME,2
WHAT OTHER NAMES DO YOU KNOW FOR THAT WORD,2
AND WHO WAS AT UNCLE GEORGE'S PLACE WHEN YOU WENT THERE THIS DAY,2
HOW LONG DID HE SQUEEZE YOUR WILLY,1
AND DID UNCLE GEORGE SAY ANYTHING WHEN THAT HAPPENED,2
HAVE YOU SEEN UNCLE GEORGE SINCE THEN,2
FINE OKAY IS THERE ANYTHING ELSE YOU CAN TELL ME THAT I MIGHT NEED TO KNOW,2
OKAY DO YOU HAVE ANY QUESTIONS FOR ME,2
SO JESSICA WHAT HAVE YOU COME TO TALK TO ME ABOUT,0
OKAY SO I DON'T KNOW ANYTHING ABOUT THE BAD MAN TELL ME EVERYTHING ABOUT THE BAD MAN AND START FROM THE BEGINNING,0
OKAY CAN YOU TELL ME ALL ABOUT THE PART WHERE YOU MET THE BAD MAN,2
SO TELL ME ALL ABOUT THE PART WHERE YOU MET THE BAD MAN,1
OKAY SO JESSICA I WASN'T THERE AT THE TOILET IN KMART SO WHAT I'D LIKE YOU TO DO IS FOR YOU TO TELL ME EVERYTHING ABOUT WHAT HAPPENED WHEN YOU WERE AT KMART AND I'D LIKE YOU TO START FROM THE BEGINNING,0
HM-HM AND THEN WHAT HAPPENED,2
YEAH AND SO WHAT ELSE HAPPENED,2
AND WHAT HAPPENED THEN,2
HM-HM SO TELL ME MORE ABOUT THE PART WHERE YOU WENT INTO THE TOILET,1
TELL ME MORE ABOUT THE PART WHERE THE BAD MAN CAME IN,1
HM-HM AND THEN WHAT HAPPENED,1
AND WHAT HAPPENED THEN JESSICA,1
HM-HM AND WHAT HAPPENED THEN,1
TELL ME MORE ABOUT THE LADY COMING IN,1
OKAY AND WHAT HAPPENED THEN,1
OKAY SO WHAT I WOULD LIKE YOU TO DO IS I WANT YOU TO TELL ME MORE ABOUT THE PART WHEN HE PUT HIS HAND ON YOUR MINI,1
HM-HM OKAY AND JESSICA DO YOU KNOW ANY OTHER WORDS FOR MINI,2
HM-HM OKAY AND I WANT YOU TO ALL RIGHT SO TELL ME WHAT HAPPENED WHEN THE LADY CAME IN,1
OKAY SO WHAT HAPPENED WHEN HE TOLD YOU THAT HE WAS THE HELPER,1
YEAH SO I WASN'T THERE WHEN THAT HAPPENED SO I NEED YOU TO TELL ME EVERYTHING ABOUT THAT PART,3
OKAY NOW I WANT YOU TO TELL ME EVERYTHING ABOUT THE BAD MAN,1
JESSICA TELL ME WHAT YOU'VE COME HERE TO TALK TO ME ABOUT TODAY,0
THE BAD MAN CAN YOU TELL ME WHY HE'S THE BAD MAN,2
YEAH OKAY CAN YOU TELL ME WHAT'S HAPPENED,2
YEAH OKAY SO YOUR MUM SAID THAT YOU WENT TO KMART THE OTHER DAY IS THAT RIGHT,3
WENT TO KMART OKAY AND CAN YOU TELL ME WHO YOU WENT TO KMART WITH,2
YEAH AND CAN YOU TELL ME DID YOU TAKE ANYONE INTO THE TOILET WITH YOU,2
OKAY AND WHERE WERE THE TOILETS IN KMART DO YOU REMEMBER,2
YEAH WHAT DID HE SAY,2
YEAH WHAT WAS HE WEARING,2
AND WHEN YOU SAID HE HAD TO HELP YOU WIPE WHAT DID HE DO,2
OKAY AND WHAT'S YOUR MINI,2
DID IT SEEM LIKE A LONG TIME OR A SHORT TIME,2
YEAH AND DID YOU DO A NUMBER ONE OR A NUMBER TWO,2
OKAY AND WHAT DID THE LADY DO,2
OKAY DO YOU REMEMBER WAS THE TOILET DOOR OPEN OR WAS IT CLOSED,2
OKAY WHAT DID THE MAN DID THE MAN SAY OR DO ANYTHING WHEN SHE SAID THAT,2
HE WASN'T THERE SO DID HE LEAVE WHEN THE LADY CAME IN DID HE,3
OKAY AND DID HE SPEAK TO HER AT ALL DO YOU REMEMBER,2
OKAY DID YOU SAY ANYTHING TO THE LADY,2
OKAY AND WHAT JESSICA DO YOU REMEMBER WHAT YOU WERE WEARING WHEN YOU WENT TO THE TOILET,2
YEAH WHAT WAS YOU WEARING,2
OKAY CAN YOU REMEMBER CAN YOU REMEMBER ANYTHING SPECIFIC ABOUT THE MAN APART FROM THE FACT THAT HE WAS WEARING A GREEN JACKET,2
YEAH WHEREABOUTS,1
CAN YOU REMEMBER IF IT WAS IF HIS HAIR WAS LONG OR SHORT,2
OKAY AND DID HE HAVE ALL OF HIS HAIR ON HIS HEAD,2
NO OKAY DO YOU KNOW WHAT COLOUR EYES HE HAD,2
YEAH WHAT COLOUR WERE THEY,2
OKAY AND DO YOU REMEMBER WHAT COLOUR HIS SKIN WAS,2
OKAY WHAT SORT OF THINGS DO YOU LIKE TO DO WITH YOUR COUSIN,2
OKAY TELL ME ALL ABOUT STAYING AT YOUR COUSIN'S HOUSE,1
YEAH OKAY AND WHAT HAPPENED,2
OKAY DID ANYTHING ELSE HAPPEN,2
OKAY AND THEN WHAT HAPPENED,1
OKAY SO YOU SAID BEFORE THAT HE PUT SOMETHING IN YOUR BOTTOM TELL ME EVERYTHING ABOUT THAT PART,1
OKAY YEAH TELL ME EVERYTHING ABOUT THE PART WHERE HE HAD THE DIRTY SPOT IN HIS HAND,1
OKAY SO I WASN'T THERE CAN YOU TELL ME A BIT MORE ABOUT HIS DIRTY SPOT,2
YEAH WHAT CAN YOU TELL ME ABOUT HIS DIRTY SPOT,2
OKAY I'M A BIT CONFUSED ABOUT THE DIRTY SPOT CAN YOU TELL ME A BIT MORE ABOUT IT,2
YEAH WHAT CAN YOU TELL ME ABOUT IT,2
YEAH CAN YOU TELL ME ANYMORE ABOUT IT BEING BIG AND YUCKY,2
DID HE SAY ANYTHING TO YOU,2
OKAY SO WHAT HAPPENED AFTER YOU STARTED CRYING,1
WHAT'S THE OTHER NAME FOR IT,2
YEAH DO YOU KNOW WHAT IT WAS THAT HE PUT IN YOUR BOTTOM,2
OKAY AND WHAT PART OF YOUR BODY DO YOU MEAN WITH YOUR BOTTOM,2
OKAY AND WHERE WERE THEY,2
OH OKAY AND YOU SAID THAT YOUR COUSIN DIDN'T SAY ANYTHING TO YOU,2
AND YOU DIDN'T SAY ANYTHING TO HIM,2
BUT YOU DID TELL MUM,2
SO SARAH CAN YOU TELL ME WHAT YOU'VE COME HERE TO TALK TO ME ABOUT TODAY,2
YEAH OKAY WHAT ABOUT YOUR BACK,2
WHERE DID THE MARKS COME FROM,2
AND WHO HIT YOU WITH THE STICK,2
WHAT HAPPENED NEXT,2
WHAT WERE YOU IN TROUBLE FOR DO YOU KNOW,2
YEAH CAN YOU TELL ME ABOUT IT,2
WHAT KIND OF CONTROL WAS THAT,2
OKAY SO I'VE HEARD THAT YOU WERE HIT WITH A STICK BY MARK BECAUSE YOU BROKE THE NINTENDO CONTROL IS THAT RIGHT,2
WHY WAS THAT,2
OKAY DID HE TELL YOU TO GO TO YOUR ROOM BECAUSE OF THE CONTROL,3
OKAY DID ANYTHING ELSE HAPPEN AFTER HE HIT YOU WITH THE STICK,2
OKAY DO YOU KNOW WHERE HE WENT,2
WHERE DID HE GO,2
OKAY DID YOU TALK TO MARK AT ALL ABOUT THE MARKS AFTERWARDS,2
DID YOU SHOW ANYONE ELSE THE MARKS,2
WHO DID YOU SHOW,2
OKAY DID MARK SAY ANYTHING ABOUT WHEN HE HIT YOU,2
WHAT DID HE SAY,2
OKAY HOW MANY TIMES DID HE WHACK YOU,2
LOTS OF TIMES,2
OKAY IS THIS THE ONLY TIME THAT HE'S HIT YOU,2
DO YOU REMEMBER HOW LONG HE WAS HITTING YOU FOR,2
OKAY AND WHO IS MARK,2
OLDER THAN YOU,2
IS HE OLDER THAN YOUR PARENTS,2
OKAY WHERE DOES MARK LIVE,2
OKAY WAS ANYONE ELSE HOME WHEN HE HIT YOU,2
DID ANYBODY ELSE SEE THE MARKS,2
OKAY SO NO ONE ELSE WAS HOME WHERE WAS EVERYONE ELSE,2
IS THERE ANYTHING ELSE YOU WANT TO TELL ME THAT I'VE MISSED,2
‚Ä¶TALK TO ME ABOUT TODAY,1
OKAY WHAT ABOUT YOUR TEACHER,2
TELL ME ABOUT THE GAMES YOU PLAY WITH YOUR TEACHER,1
OKAY SO TELL ME MORE ABOUT SHOW AND TELL I'M NOT THERE SO I NEED YOU TO TELL ME IN AS MUCH DETAIL AS YOU CAN RIGHT FROM THE BEGINNING ABOUT WHAT SHOW AND TELL IS,0
SO OKAY SO YOU DON'T LIKE PUTTING AWAY THE PAINTS,3
IS THAT RIGHT,2
YEAH OKAY ALL RIGHT JUST TEL ME MORE ABOUT SHOW AND TELL THEN BECAUSE YOU SAID ABOUT SHOW AND TELL TELL ME IN AS MUCH DETAIL AS YOU CAN ABOUT SHOW AND TELL,1
OKAY SO WHO IS HE,2
OKAY SO TELL ME MUCH MORE ABOUT THAT,1
AND WHAT HAPPENS AFTER THAT,1
YEAH WHAT THEN,1
OKAY AND WHAT THEN,1
YEAH OKAY YOU'RE DOING A REALLY GOOD JOB WITH TELLING ME THOSE THINGS I JUST WANTED TO UNDERSTAND A BIT MORE LUCY JUST ABOUT HIM PULLING HIS PANTS DOWN SO TELL ME IN AS MUCH DETAIL AS YOU CAN ABOUT HIM PULLING HIS PANTS DOWN,1
OKAY SO YOU SAID TO ME BEFORE THAT HE GOES FIRST CAN YOU JUST TELL ME A BIT MORE ABOUT THAT,2
YEAH TELL ME ABOUT THAT,1
OH OKAY ALL RIGHT SO I JUST WANT TO MAKE SURE I'VE UNDERSTOOD EVERYTHING THAT YOU'RE SAYING CAN YOU JUST TELL ME RIGHT FROM ABOUT WHEN HE SHOWED YOU HIS WILLY SO THEN YOU SHOWING HIM YOUR WINI,2
OKAY SO WHAT DO YOU MEAN HE GOES FIRST,2
RIGHT OKAY YEAH I THINK I'VE UNDERSTOOD THAT SO ALL RIGHT AND WHAT DO YOU MEAN YOUR TURN,2
OKAY SO TELL ME A LOT MORE DETAIL PLEASE ABOUT HOW HE SHOWS HOW YOU SHOW HIM YOUR WINI,2
YEAH HOW DO YOU DO THAT,3
YEAH YEAH SO JUST OKAY I'M NOT THERE WHEN IT HAPPENED SO DESCRIBE IN A LOT MORE DETAIL FOR ME HOW YOU SHOW HIM YOUR WINI,3
OKAY AND WHAT'S THAT SAME THING,2
PULL YOUR DRESS UP YEAH OKAY SO I'M A BIT CONFUSED ON HOW HE GETS TO SEE YOUR WINI HOW DOES THAT HAPPEN,3
OKAY SO ARE YOU WEARING PANTS OR UNDERPANTS OR ANYTHING ELSE UNDER YOUR DRESS,2
OKAY SO TELL ME ABOUT HOW YOU SHOWED HIM,1
YEAH TELL ME EVERYTHING THAT HAPPENS BETWEEN WHEN IT'S YOUR TURN AND THEN WHEN HE SAYS NOT TO TELL,1
OH OKAY HOW DO YOU PULL YOUR UNDIES DOWN,2
YEAH IS THAT LIKE WITH YOUR HANDS OR WITH SOMETHING ELSE,2
OKAY AND WHAT THEN,1
I JUST WANTED TO LET YOU KNOW WHY I'M HERE TODAY AND SO I WANTED TO TALK TO YOU ABOUT SOMETHING THAT YOU SHARED WITH YOUR MUM ABOUT WHEN YOU STAYED AT THE FOSTER CARER'S HOME CAN YOU REMEMBER WHAT THAT IS,3
CAN YOU TELL ME A LITTLE BIT ABOUT WHAT YOU SAID,3
OKAY CAN YOU TELL ME WHAT YOU DIDN'T LIKE ABOUT IT,2
OKAY CAN YOU TELL ME A LITTLE BIT ABOUT THE RUDE THING,2
YEAH I'M LISTENING TO YOU SO YOU TELL ME EVERYTHING THAT HAPPENED THAT YOU CAN REMEMBER,0
OKAY AND CAN YOU TELL ME A LITTLE BIT MORE ABOUT WHAT WAS HAPPENING,2
YEAH SO I'M LISTENING TO YOU YOU TELL ME EVERYTHING THAT YOU CAN REMEMBER,0
OKAY AND CAN YOU TELL ME A BIT MORE ABOUT THE BED BOUNCING UP AND DOWN,2
YEAH WHAT WAS HAPPENING,2
OKAY AND CAN YOU REMEMBER ANYTHING ELSE,2
CAN YOU TELL ME A BIT ABOUT THAT,2
OKAY OKAY AND I'M WONDERING IF THERE WAS ANYTHING ELSE THAT YOU WANTED TO TELL ME ABOUT WHAT HAPPENED NEXT,2
OKAY THAT'S OKAY SOMETIMES IT'S HARD TO REMEMBER AND I REALLY APPRECIATE YOU SHARING WITH ME WHAT YOU HAVE MILLIE I'M JUST WONDERING BECAUSE I'VE JUST GOT SOME QUESTIONS ABOUT WHAT YOU SHARED WITH ME IS IT OKAY IF I ASK YOU SOME OF THOSE QUESTIONS,2
SO IT WAS JUST YOU AND CALLUM,2
AND YOU TOLD ME THAT IT HURT YEAH,2
AND I'M REALLY SORRY THAT THAT'S HAPPENED YEAH AND DID YOU SPEAK TO ANYBODY ABOUT WHAT HAS HAPPENED,2
YEAH WHO DID YOU SPEAK TO,2
YOU SPOKE TO YOUR MUM CAN YOU REMEMBER WHEN YOU SPOKE TO MUM,2
YEAH WHEN WAS THAT,2
OKAY SO IT WAS THE NEXT DAY,2
OKAY OKAY AND CAN YOU REMEMBER WHAT HAPPENED BEFORE YOU TOLD MUM,2
YEAH CAN YOU TELL ME A BIT ABOUT THAT AS MUCH AS YOU CAN REMEMBER,2
OKAY AND CAN YOU REMEMBER ANYTHING THAT WAS HAPPENING WHEN YOU HAD BREAKFAST ANYTHING THAT WAS ON TV OR,2
OKAY AND I KNOW THIS MIGHT BE REALLY REALLY DIFFICULT BUT WHEN WE SPOKE ABOUT THE BED AND WITH CALLUM AND THAT HE PUT SOMETHING IN YOUR BOTTOM IS THAT RIGHT,2
NO THAT'S OKAY THAT'S OKAY AND I'M JUST WONDERING BEFORE THIS HAPPENED CAN YOU JUST TELL ME A LITTLE BIT ABOUT BEFORE YOU WENT TO BED,2
OKAY AND CAN YOU TELL ME ABOUT BEDTIME HOW THAT HAPPENED,2
YEAH WHAT HAPPENED,2
OKAY AND CAN I JUST ASK WHEN YOU GOT INTO BED WHAT HAPPENED NEXT,1
OKAY OKAY MILLIE I'M JUST THINKING ABOUT SOME OF THE THINGS THAT YOU'VE SAID YEAH AND THERE ARE SOME THINGS THAT YOU'VE TOLD ME TODAY THAT I DO NEED TO SPEAK TO SOMEONE ELSE BECAUSE I AM WORRIED ABOUT YOU AND I THINK WHAT YOU'VE SHARED WITH ME IS REALLY IMPORTANT AND I WANT TO BE ABLE TO MAKE SURE THAT YOU'RE SAFE DO YOU KNOW WHAT SAFETY MEANS,2
YEAH CAN YOU TELL ME ABOUT WHAT SAFETY MEANS,2
OKAY AND DO YOU UNDERSTAND WHY I NEED TO SPEAK TO SOMEONE ABOUT WHAT YOU'VE SAID,2
CAN YOU TELL ME WHY,3
OKAY IT'S JUST BECAUSE WHAT YOU'VE SAID TO ME IS REALLY IMPORTANT AND IT'S REALLY IMPORTANT THAT WHEN CHILDREN TELL US THINGS PARTICULARLY WHEN THEY'RE FEELING HURT THAT WE SPEAK TO SOMEBODY ABOUT THAT YEAH,2
AND WHAT WILL HAPPEN IS IT MIGHT BE THAT I NEED TO SPEAK TO YOU AGAIN OKAY BECAUSE I MIGHT HAVE SOME THINGS THAT I NEED TO ASK YOU DOES THAT SOUND OKAY,2
YEAH SO I'M GOING TO LEAVE THE ROOM NOW ALL RIGHT AND I'M JUST GOING TO GO AND SPEAK TO SOMEONE REALLY QUICKLY AND THEN I'LL COME BACK TO YOU DOES THAT SOUND OKAY WOULD YOU LIKE ME TO LEAVE THE DOOR OPEN OR CLOSED,2
OKAY WOULD YOU PREFER ME TO LEAVE IT OPEN SO THAT YOU CAN SEE WHERE I'M GOING,2
TELL ME WHAT YOU'VE COME HERE TO TALK TO ME ABOUT TODAY,0
OKAY CAN YOU TELL ME MORE ABOUT WHAT HAPPENED WITH JANET'S GRANDFATHER,2
I HEARD SOMETHING HAPPENED WHEN YOU WERE AT JANET'S HOUSE LAST TIME,3
CAN YOU TELL ME ANYTHING ABOUT WHAT HAPPENED WHEN YOU WERE AT JANET'S HOUSE LAST TIME,2
I HEARD SOMETHING HAPPENED WHERE JANET'S GRANDFATHER TOUCHED YOU ON YOUR GIRLIE BITS,3
WHAT HAPPENED THERE,2
AND WHAT HAPPENED NEXT,1
OKAY AND WHAT HAPPENED AFTER THAT,1
OKAY SO WHAT HAPPENED AFTER YOU WENT INTO THE SPA WITH JANET AND HER GRANDFATHER,1
HM-HM AND WHAT HAPPENED AFTER THAT,1
OKAY AND WAS THAT JANET'S GRANDFATHER'S HAND BECAUSE JANET'S HANDS WERE SPLASHING ON TOP OF THE WATER,3
OKAY SO WHAT HAPPENED AFTER YOU FELT A HAND ON YOUR GIRLIE BITS,1
AND WHAT HAPPENED AFTER YOU MOVED AWAY,1
HM-HM AND WHAT DID JANET SAY,2
OKAY SO WAS HE STILL OUTSIDE,2
OKAY AND SO AFTER YOU MADE FAIRY BREAD WITH JANET WHAT DID YOU DO,1
OKAY SO WHEN YOU WENT HOME IN THE CAR WAS IT IN THE CAR THAT YOU TOLD YOUR MUM WHAT HAD HAPPENED,3
OKAY SO WHEN WAS IT THAT YOU TOLD MUM ABOUT WHAT HAD HAPPENED,2
HILARY TELL ME WHAT YOU'VE COME HERE TO TALK TO ME ABOUT TODAY,0
TELL ME ABOUT JANET'S HOUSE,1
OH WHY DON'T YOU LIKE HER POP,2
WHY IS HE MEAN,3
TELL ME ABOUT THE RUDE THING,1
HM-HM OKAY AND THEN WHAT HAPPENED,1
HM-HM AND THEN WHAT HAPPENED AFTER THAT,1
OKAY SO JANET CAN YOU SORRY HILARY I GOT YOUR NAME WRONG HILARY CAN YOU TELL ME ABOUT JANET'S POP WHEN YOU GO OVER TO JANET'S HOUSE IS IT JUST POP THERE OR IS THERE ANYONE ELSE THERE,2
JUST POP OKAY AND IS JANET THERE,2
OKAY AND WHEREABOUTS IN JANET'S HOUSE DO YOU GO,2
HM-HM IS POP ALWAYS THERE,2
HM-HM AND DOES ANYBODY ELSE LIVE THERE,2
OKAY SO JANET I'D LIKE YOU TO TELL ME ABOUT SORRY HILARY I'd LIKE YOU TO TELL ME ABOUT WHAT HAPPENS WHEN POP DOES RUDE STUFF CAN YOU TELL ME MORE ABOUT THAT,2
I'D LIKE YOU TO TELL ME ABOUT THE RUDE STUFF THAT POP DOES WHERE ARE YOU WHEN POP DOES THE RUDE STUFF,2
IN THE POOL OKAY AND CAN YOU TELL ME EVERYTHING THAT HAPPENED FROM THE VERY START TO THE VERY END WHEN POP DOES THE RUDE STUFF,1
WHAT HAPPENED I'D LIKE YOU TO TELL ME THE WHOLE STORY FROM THE VERY BEGINNING WHEN POP DOES THE RUDE STUFF,0
HM-HM AND THEN WHAT HAPPENED AFTER THAT,1
HM-HM AND THEN WHAT HAPPENED,1
HM-HM AND THEN WHAT HAPPENED AFTER THAT,1
HM-HM AND THEN WHAT HAPPENED AFTER THAT,1
HM-HM AND SO HILARY WHEN YOU WERE IN THE POOL AND YOU WERE SPLASHING AROUND AND IT WAS YOU AND JANET AND POP IN THE POOL IS THAT RIGHT,2
HM-HM OKAY AND HILARY IS THIS THE FIRST TIME THAT YOU FELT POP'S HAND ON YOUR PRIVATES OR HAS IT HAPPENED ANY OTHER TIME,2
THE FIRST TIME OKAY AND WHAT HAPPENED WHEN POP PUT HIS HAND ON YOUR PRIVATES WHAT DID IT FEEL LIKE,2
OKAY AND THEN WHAT HAPPENED,1
HM-HM OKAY AND THAT'S WHEN YOU WENT INSIDE,3
AND WHERE WAS POP WHEN YOU WENT INSIDE,2
OKAY OKAY AND HILARY WHERE WAS JANET WHEN POP TOUCHED YOUR PRIVATES,2
OKAY AND DID JANET SEE POP TOUCH YOUR PRIVATES,2
NO OKAY SO HILARY HAVE YOU BEEN OVER TO JANET'S HOUSE AGAIN,2
CAN TELL ME ABUOT THAT GAME,2
YEAH TELL ME MORE ABOUT THAT GAME,1
OKAY OKAY AND TELL ME WHAT HAPPENS WHEN YOU'RE IN THE TUNNEL,1
OH OKAY AND WHAT ELSE DOES HE WHAT ELSE HAPPENS IN THE TUNNEL,1
TELL ME MORE ABOUT THAT ISABELLE,1
OKAY TELL ME HOW MANY TIMES DOES HE PLAY THAT GAME IN THE TUNNEL,2
WHEN WAS THAT,2
WHERE DID HE GET THE STICK FROM,2
NO OKAY WHY IS THAT CAN YOU EXPLAIN WHY HE DIDN'T SAY ANYTHING,3
YEAH CAN YOU TELL ME MORE ABOUT THAT,2
YEAH WHAT ELSE HAPPENED DESCRIBE TO ME MORE ABOUT THAT,1
OKAY AND THEN WHAT DID HE DO AFTER THAT,1
OH OKAY AND THEN WHAT HAPPENED AFTER THAT,1
YEAH TELL ME MORE ABOUT WHAT YOU DID WHEN YOU GOT HOME,1
ISABELLE WHEN YOU WERE RIDING HOME TELL ME MORE ABOUT OR TELL ME HOW YOU FELT WHEN YOU WERE RIDING HOME,2
YEAH SO WAS THAT WHO ELSE WAS AT HOME WHEN YOU GOT HOME,2
YEAH AND HOW LONG WERE YOU PLAYING IN YOUR ROOM FOR,2
NOW ISABELLE I'M JUST GOING TO ASK YOU MORE QUESTIONS ABOUT YOUR BROTHER YOU SAID THAT HE'S DONE THIS YOU PLAYED THIS GAME LOTS OF TIMES WITH HIM HAS HE EVER TALKED TO YOU ABOUT WHAT HE DOES,2
HI JESSICA TELL ME ABOUT WHAT YOU'VE COME HERE TO TALK TO ME ABOUT TODAY,0
YEAH START FROM THE BEGINNING AND TELL ME ALL ABOUT IT,1
YEAH AND WHAT HAPPENED THEN,1
YEAH AND SO WHAT HAPPENED WHEN YOU WENT TO THE TOILET,1
YEAH AND WHAT HAPPENED WHEN YOU WENT TO THE TOILET,3
AND THE BAD MAN WHAT DID THE BAD MAN DO,2
AND DID YOU KNOW THE BAD MAN,2
NO AND WHAT HOW DID THE BAD MAN HELP YOU WIPE,2
OKAY TELL ME WHAT HAPPENED ONCE HE RAN AWAY,1
AND WHAT DID YOU SAY TO THE LADY,2
OKAY AND WHEN YOU SAW MUM WHAT DID YOU TELL HER,2
YEAH WHEN DID YOU TELL MUM ABOUT THE BAD MAN,2
YEAH AND WHAT DID MUM SAY,2
YEAH AND IS THERE ANYTHING ELSE THAT YOU THINK THAT YOU WANT TO TELL ME ABOUT THE MAN,2
DO YOU KNOW WHY YOU ARE HERE,2
OKAY CAN YOU TELL ME WHY YOU ARE HERE WHY YOU HAVE COME TO SEE ME,2
Y YOU COME HERE TO TALK TO ME ABOUT TODAY,2
OKAY TELL ME MORE,1
IS THERE ANYTHING ELSE YOU WANT TO TELL ME,2
WHAT DID HE SAY WHEN THAT HAPPENED,2
HAS ANYONE HAS HE EVER DONE IT BEFORE OR THIS WAS THE FIRST TIME,2
THEN WHAT HAPPENED,1
WAS THERE ANYONE ELSE WITH YOU IN THE ROOM OR WHERE YOU ALONE,2
AND WHAT JANET DID,2
WHO DID YOU TALK TO,2
AND WHAT MUM SAID,2
OKAY THANKS SO MUCH FOR THAT WHEN YOUR FRIEND'S GRANDPA TOUCHED YOU DID HE TELL YOU NOT TO TELL ANYONE,2
SHOW ME WHERE DID HE TOUCH YOU,2
ON PRIVATE OKAY SO LET ME JANET HAS ANYONE EVER TALKED TO YOU THAT IF SOMEBODY TOUCH YOUR PRIVATE PART YOU SHOULD TALK TO MUM AND DAD OR TELL SOMEONE,2
OKAY SO YOU KNOW THAT,2
OKAY DID YOUR FRIEND'S GRANDPA TELL YOU TO KEEP IT A SECRET,2
WHAT DID WHEN HE TOUCHED TELL ME EXACTLY WHAT WAS HE DOING WITH HIS HAND WHEN HE TOUCH YOU,1
OKAY SORRY TO HEAR THAT AND DID HE USE ANY CREAM OR DID HE TELL YOU TO DO A CERTAIN THING WHILE HE TOUCH YOU,2
HE DIDN'T AND WHAT WERE YOU DOING WHEN HE TOUCHED YOU,2
IN THE BATH,2
YOU WERE HAVING A BATH,2
I KNOW SO THAT MEANS YOUR CLOTHES WERE OFF,3
OKAY DID HE USE DID HE HAVE ANY OTHER THINGS IN HIS HAND LIKE LOTION OR CREAM,2
DO YOU THINK THAT IT WAS AN ACCIDENT OR HE JUST WANTED TO HE DID IT INTENTIONAL,2
SO HAS ANYONE TOLD YOU THAT IF SOMEBODY OR ANYONE TOUCH YOUR PRIVATE PARTS YOU HAVE TO TELL ADULT,3
WHO TOLD YOU THAT,2
YOU HAVEN'T SEEN IT,2
AND YOU HAVEN'T SEEN YOUR FRIEND'S GRANDPA TALKING ABOUT THOSE THINGS,3
SO WHEN YOUR FRIEND'S GRANDFATHER TOUCHED YOU HOW DID YOU FEEL,2
YEAH AND DID YOU TELL HIM TO STOP,2
OKAY I THINK I'VE COME UP WITH THE QUESTIONS WHICH I WAS GOING TO ASK THE LAST ONE I ASK YOU IS CAN YOU POINT THE AREA WHICH HE TOUCHED YOU,2
YES THANKS THE OTHER QUESTION FOR THE LAST ONE WAS ARE YOU ANGRY BECAUSE HE TOUCHED YOU,2
WHY DO YOU THINK SO,2
YOU DON'T THINK IT WAS HE WASN'T SUPPOSED TO TOUCH YOUR PRIVATE PART,3
SO YOU ARE NOT ANGRY,3
NO OKAY JANET THANKS SO MUCH FOR THE INFORMATION WHICH YOU HAVE GIVEN ME BECAUSE ALSO YOUR MUM TOLD ME ABOUT YOUR UNCLE SAM ABOUT THE SITUATION WHAT HAPPENED,3
TELL ME WHAT YOU'VE COME HERE TO TALK TO ME ABOUT TODAY,0
OKAY TELL ME ALL ABOUT YOUR COUSIN,1
WHAT ELSE,1
HM TELL ME MORE ABOUT WHAT HAPPENED,1
OKAY I WASN'T THERE WHEN YOU GOT HOME FROM SCHOOL WITH YOUR COUSIN SO TELL ME ALL ABOUT WHAT HAPPENED IN AS MUCH DETAIL AS YOU CAN,1
WHAT HAPPENED THEN,1
WHAT ELSE HAPPENED,1
WHAT ELSE HAPPENED,1
WHAT HAPPENED THEN,1
WHAT HAPPENED THEN,1
SO TELL ME MORE ABOUT THE PART WHERE YOUR COUSIN WAS HURTING YOU,1
HM-HM AND WHAT ELSE HAPPENED,1
WHAT ELSE HAPPENED,1
WHAT HAPPENED THEN,1
WHAT HAPPENED WHEN HE GOT THE STICK AND WAS HURTING YOUR BACK,2
WHAT HAPPENED THEN,1
THEN WHAT HAPPENED,1
TELL ME MORE ABOUT THE PART WHERE YOU SAW BLOOD ON THE STICK,1
WHAT HAPPENED THEN,1
THEN WHAT HAPPENED,1
TELL ME MORE ABOUT THE PART WHEN IT WENT DARK,1
WHAT HAPPENED THEN,1
TELL ME MORE ABOUT THE PART WHEN YOU WERE SCARED TO GO OUTSIDE,1
TELL ME MORE ABOUT THE PART WHERE HE SAID MEAN THINGS,1
WHAT ELSE HAPPENED,1
AND THEN YOU WAITED UNTIL MUM CAME HOME,2
WHAT HAPPENED WHEN MUMMY CAME HOME,2
HM THEN WHAT HAPPENED,1
HM WHAT HAPPENED THEN,1
THEN WHAT HAPPENED,1
WHAT ELSE HAPPENED,1
TELL ME WHAT YOU'VE COME HERE TO TALK TO ME ABOUT TODAY,0
WHO IS MR MATTHEWS,2
YES WHAT DID YOU WANT TO TELL ME ABOUT MR MATTHEWS,2
THERE ARE LOTS OF DIFFERENT KINDS OF YUCKY GAMES WHAT'S YOUR YUCKY GAME INVOLVE,2
YOU'RE THE ONLY ART MONITOR,2
DOES THE ART MONITOR HAVE TO DO ANYTHING ELSE,2
DOES ANYONE HELP YOU CLEAN UP,2
WHAT'S HIS JOB WHEN HE CLEANS UP,2
ARE YOU THE ONLY TWO PEOPLE IN THE CUPBOARD,2
ARE THERE RULES FOR THE YUCKY GAME,2
WHAT ARE THE RULES,2
WHAT HAPPENS WHEN YOU PULL YOUR PANTS DOWN,2
WHAT HAPPENS THEN,1
OKAY HOW MANY TIMES HAVE YOU PLAYED THIS GAME IN THE CUPBOARD,2
YEAH CAN YOU THINK OF SOME OF THE DIFFERENT RULES,2
HAS MR MATTHEWS EVER TOUCHED YOU ON YOUR WEE-WEE,2
DOES THIS HAPPEN EVERY TIME YOU PLAY THE GAME,2
WHAT DOES HE SAY,2
DOES HE KNOW THE RULES,2
DOES HE MAKE YOU TOUCH HIS DOODLE ALL THE TIME,2
DO YOU HAVE TO DO ANYTHING ELSE WITH HIS DOODLE DURING THE GAME,2
NO AND YOU MENTIONED THAT YOU'VE TOLD DAD ABOUT THIS,2
IS THERE ANY OTHER TEACHERS KNOW ABOUT THE YUCKY GAME,2
MILLIE TELL ME ABOUT WHAT YOU'VE COME HERE TO TALK TO ME ABOUT TODAY,0
WHO'S CALLUM,2
OKAY SO MILLIE I HAVEN'T BEEN TO CALLUM'S HOUSE AND I'VE NEVER BEEN THERE SO I DON'T KNOW WHAT HAPPENED THERE TELL ME EVERYTHING THAT HAPPENED WHEN YOU WENT TO CALLUM'S HOUSE START AT THE BEGINNING,0
OKAY WHAT ELSE HAPPENED AT CALLUM'S HOUSE,1
OKAY AND WHAT HAPPENED AFTER THAT,1
HM-HM SO TELL ME MORE ABOUT WHAT HAPPENED WHEN YOU WENT TO CALLUM'S HOUSE FOR A SLEEPOVER,1
OKAY TELL ME MORE ABOUT THE NAUGHTY THING,1
YOU SAW THE DIRTY SPOT TELL ME ALL ABOUT THE PART WHERE CALLUM DID THE NAUGHTY THING,1
HM-HM SO WHERE YOU SAY YOU SAW THE DIRTY SPOT TELL ME ABOUT THE DIRTY SPOT,1
OKAY WHEREABOUTS IS THE DIRTY SPOT,2
OKAY AND WHEN DID MUMMY PICK YOU UP,2
AND WHAT DID CALLUM DO AFTER THAT DO YOU KNOW,2
NO OKAY JUST GOING BACK JUST BEFORE THAT I JUST WANTED TO CHECK JUST ONE MORE THING WHEN YOU SAY THAT CALLUM PUT THE HARD THING IN PLACES THAT HE SHOULDN'T WHEREABOUTS DID HE PUT THE HARD THING,2
YEAH OKAY GOOD AND DID CALLUM COME WITH YOU OR DID HE STAY AT HOME,3
TELL ME WHAT YOU'VE COME HERE TO TALK TO ME ABOUT TODAY,0
OKAY SO TELL ME EVERYTHING ABOUT STEPHEN,1
OKAY SO WHEN YOU SAY US TELL ME WHO US ARE,2
OKAY SO TELL ME EVERYTHING ABOUT THESE GAMES THAT HE PLAYS IN THE BATH,1
OKAY SO TELL ME EVERYTHING ABOUT THE TICKLING GAME,1
OKAY SO DESCRIBE TO ME HOW HE PRETENDS TO BE MR TICKLES,2
OKAY SO TELL ME ABOUT THIS GAME THE MR TICKLES GAME,1
OKAY SO TELL ME EVERYTHING HE DOES WHEN HE PRETENDS TO BE MR TICKLES STARTING FROM WHEN HE STARTS AT YOUR TOES,1
OKAY DESCRIBE TO ME WHAT YOU MEAN BY TICKLES,2
OKAY AND WHAT DOES HE DO WITH HIS FINGERS,2
TELL ME MORE ABOUT WHAT HE DOES WHEN HE'S TICKLING YOU,1
OKAY OKAY SO WHAT IS YOUR MINI,2
OKAY AND SO TELL ME EVERYTHING ABOUT WHEN HE TICKLES YOU ON YOUR MINI,1
OKAY SO TELL ME MORE ABOUT WHEN HE'S TICKLING YOUR MINI DESCRIBE TO ME EXACTLY WHAT HE'S DOING,2
OKAY OKAY SO WHO ELSE IS PRESENT WHEN THIS HAPPENS,2
OKAY SO WHEN DID YOU LAST HAVE A BATH,2
OKAY HOW OFTEN DOES STEPHEN PLAY THIS TICKLING GAME WITH YOU,2
NO AND WHAT DOES STEPHEN SAY TO YOU ABOUT THIS TICKLING GAME,2
WHAT OTHER GAMES DO YOU PLAY,2
YOU JUST DON'T LIKE THE MR TICKLE GAME,2
OKAY HAVE YOU WHO HAVE YOU TOLD ABOUT WHAT HAPPENS WITH THE TICKLING GAME,2
OKAY AND WHAT DID YOU TELL TAMMY,2
OKAY SO WHAT DO YOU TELL DO YOU TELL STEPHEN ABOUT THE TICKLING GAME,2
YEAH OKAY IS THERE ANYTHING ELSE YOU CAN TELL ME ABOUT THIS MR TICKLE GAME BECAUSE OBVIOUSLY I DON'T KNOW A LOT ABOUT IT,2
NO OKAY AND THIS MR TICKLE GAME JUST HAPPENS DURING BATH TIME DOES IT,3
YEAH OKAY HOW DO YOU FEEL ABOUT THE MR TICKLE GAME,2
OKAY HOW DOES IT MAKE YOU FEEL,2
YUCKY OKAY AND SO TELL ME JUST A LITTLE BIT MORE ABOUT STEPHEN SO YOU SAY HE'S YOUR HE LIVES WITH YOU AND YOUR MUM,1
YEAH JUST TELL ME A LITTLE BIT MORE ABOUT HIM,1
OKAY HOW LONG HAS HE LIVED WITH YOU,2
AND IS THERE ANYBODY ELSE AT YOUR HOUSE OR IS IT JUST YOU YOUR MUM AND STEPHEN,2
JUST YOU THREE OKAY NOW WHEN YOU DESCRIBED YOUR MINI TO ME YOU SAID IT WAS YOUR PRIVATE PARTS IS THAT RIGHT,2
YEAH AND CAN YOU TELL ME WHAT YOU MEAN BY PRIVATE PARTS JUST DESCRIBE TO ME WHERE THAT IS,2
TELL ME WHAT YOU HAVE COME HERE TO TALK TO ME ABOUT TODAY,0
TELL ME EVERYTHING YOU REMEMBER ABOUT HIM BECAUSE IT IS THE FIRST TIME WE GUYS ARE MEETING AND TALKING SO I WANT TO KNOW EVERYTHING THAT HAPPENED WITH HIM,1
AND WHAT HAPPENED THEN,1
WHAT HAPPENED AFTER THAT,1
TELL ME EVERYTHING ABOUT THE PART WHERE HE WOKE YOU UP,1
AND WHAT HAPPENED AFTER THAT,1
SORRY REMEMBER MILLIE I WASN'T THERE SO I WANT TO KNOW EVERYTHING ABOUT THAT LIKE WHAT HAPPENED SO JUST TELL ME EVERYTHING FROM THE BEGINNING,0
HM AND WHAT HAPPENED AFTER THAT,1
TELL ME MORE ABOUT THAT,1
HM EARLIER YOU SAID THAT HE WAS JUMPING ON THE MATTRESS TELL ME MORE ABOUT THAT PART,1
HM SO WHAT HAPPENED THEN,1
THEN WHAT HAPPENED,1
TELL ME EVERYTHING YOU REMEMBER ABOUT THE DIRTY SPOT,1
AND WHAT HAPPENED AFTER THAT,1
HM AND TELL ME MORE ABOUT THE PART WHERE HE WOKE YOU UP,1
THAT'S OKAY SO WHAT HAPPENED WHEN YOU SEE HIS DIRTY SPOT,1
AND WHAT ELSE HAPPENED ON THAT DAY,1
HM WHAT HAPPENED THEN,1
EARLIER YOU SAID HE SHOWED YOU HIS DOODLE SO I WANT TO KNOW EVERYTHING ABOUT THAT PART REMEMBER I WASN'T THERE SO TELL ME EVERYTHING WHAT HAPPENED WHEN HE SHOWED YOU HIS DOODLE,1
SO OKAY SO FIRSTLY TELL ME THAT WHAT HAPPENED WHEN YOU WENT TO HIS HOUSE FROM THE VERY BEGINNING TO THE END,0
AND WHAT WAS THE OTHER PERSON DOING WHEN YOU WERE DOING THAT,2
HM AND TELL ME ABOUT THE PART WHERE HE GAVE YOU ICE CREAM,1
AND WHAT HAPPENED AFTER THAT,1
AND WHAT HAPPENED AFTER YOU BLOW THE MATTRESS,1
AND THEN WHAT HAPPENED,1
HM WHAT HAPPENED WHEN HE WAS WAKING YOU UP,2
SO YOU SAID THAT HE DID THE NAUGHTY THING TELL ME EVERYTHING YOU REMEMBER ABOUT THAT NAUGHTY THING THAT HE DID TO YOU,1
HM WHAT ELSE CAN YOU TELL ME ABOUT THIS,1
AND WHAT HAPPENED THEN,1
AND WHAT HAPPENED NEXT,1
AND THEN WHAT HAPPENED,1
SO DID YOU TELL EVERYONE AND ANYONE ABOUT WHAT HAPPENED THAT DAY,2
HM OKAY SO TELL ME MORE ABOUT THE PART WHEN YOU SEE HIS DIRTY SPOT,3
HM AND THEN WHAT HAPPENED,1
AND WHAT ELSE HAPPENED LIKE WHEN YOUR MUM COME,3
OKAY SO TELL ME WHAT HAPPENED WHEN HE TOLD YOU TO GO TO SLEEP,1
AND THEN WHAT HAPPENED,1
HM AND THEN,1
CHARLOTTE TELL ME WHAT YOU'VE COME TO TALK TO ME ABOUT TODAY,0
HM-HM SO TELL ME ABOUT WHAT HAPPENED WITH YOUR STEPDAD,1
IN THE BATH YEAH SO TELL ME EVERYTHING ABOUT WHAT HAPPENED WHEN YOU WERE PLAYING A GAME IN THE BATH START FROM THE BEGINNING,1
YEAH HM-HM SO TELL ME EVERYTHING ABOUT THE BATH WHEN YOU HAD THE BATH,1
HM-HM WHAT HAPPENED THEN,1
HM-HM AND THEN WHAT HAPPENED,1
HM-HM AND WHAT HAPPENED THEN,1
OKAY AND WHAT ELSE HAPPENED,1
AND WHAT HAPPENED THEN,1
HM WHAT HAPPENED THEN,1
HM-HM AND WHAT HAPPENED THEN,1
HM-HM OKAY TELL ME MORE ABOUT THE PART WHERE HE PLAYED MR TICKLES,1
OKAY TELL ME MORE ABOUT THE PART WHERE HE TICKLED YOUR PRIVATES,1
CAN YOU TELL ME A BIT MORE ABOUT THAT,2
TELL ME A BIT MORE ABOUT THE BIT WHERE HE WAS ON TOP,1
OKAY SO WHAT HAPPENED WHEN HE TICKLED ON TOP OF YOUR PRIVATES,2
OKAY AND THEN WHAT HAPPENED,1
HM-HM AND WHAT HAPPENED WHEN HE SAID THAT,2
OKAY OKAY SO HE WAS TOUCHING ON THE OUTSIDE,2
HM-HM,1
HM-HM AND THEN WHAT HAPPENED,1
OKAY HAS THIS GAME WITH MR TICKLES HAS THIS HAPPENED ONE TIME OR MORE THAN ONE TIME,2
OKAY IS THERE ANYTHING ELSE THAT YOU WANT TO TELL ME ABOUT THE GAME THE MR TICKLES GAME,2
TELL ME WHAT YOU'VE COME HERE TO TALK TO ME ABOUT TODAY,0
ALL RIGHT AND WHAT'S YOUR COUSIN'S NAME,2
CALLUM SO WHAT DID YOU WANT TO TELL ME ABOUT CALLUM,2
OH AND HOW DID THAT MAKE YOU FEEL,2
NO WHAT DID HE SAY,2
OH WHAT DID YOU THINK AT THE TIME WHEN HE SAID THAT,2
YES CAN YOU TELL ME IN YOUR OWN WORDS WHAT HE SAID,2
OH THAT'S NOT VERY NICE IS IT,2
YEAH WHAT WOULD YOU LIKE TO TELL ME,2
OH WHAT DID THE STICK LOOK LIKE,2
AND WHERE DID HE HIT YOU WITH THE BIG STICK,2
ONCE YOU WERE IN THE ROOM DID YOU TELL ANYONE WHAT HAPPENED,2
HOW OLD IS CALLUM,2
YOU DON'T KNOW IS HE BIGGER THAN YOU,2
YEAH OKAY SO WHAT HAPPENED ONCE YOU WERE IN YOUR ROOM,2
OH WHAT DID YOU DO WHILE YOU WERE IN YOUR ROOM,2
OH WAS YOUR BACK SORE,3
DID YOU FEEL SCARED,3
CAN YOU TELL ME MORE ABOUT WHAT YOU WERE FEELING AFTERWARDS,2
YEAH WHAT WERE YOU FEELING,2
OKAY SO WHAT TIME DID YOU GO TO YOUR ROOM,2
AFTER DINNER WHAT TIME WAS DINNER,2
WAS IT NICE,2
YEAH WHO WAS THERE AT DINNER WITH YOU,2
SOMETIMES OKAY DO YOU HAVE PEOPLE THAT YOU CAN TALK TO ABOUT THESE THINGS,2
YEAH HOW DO YOU FEEL ABOUT TALKING TO YOUR MUM ABOUT CALLUM HURTING YOU,2
WHAT HAPPENED TO MAKE HIM HIT YOU WHAT WAS GOING ON,2
THAT'S NOT VERY NICE SO YOU SAID HE HAD SMELLY SHOES,3
DOES CALLUM OFTEN SAY THINGS TO YOU WHICH ARE MEAN,2
YEAH WHAT OTHER THINGS DOES HE SAY TO YOU,2
OH WHEN YOU'RE AT SCHOOL DO YOU FEEL DOES CALLUM GO TO THE SAME SCHOOL AS YOU,2
YEAH THAT'S GOOD DO YOU UNDERSTAND WHAT THE WORD SAFE MEANS,3
DO YOU UNDERSTAND WHAT THE WORD SAFE MEANS,2
WHAT HAPPENS TO YOU WHEN YOU FEEL SCARED,2
YEAH WHEN YOU'RE IN YOUR ROOM DO YOU FEEL BETTER,2
YEAH OKAY SO CALLUM HIT YOU DO YOU KNOW HOW MANY TIMES HE HIT YOU,2
YEAH HOW MANY,2
YEAH DID ANY ADULTS COME HOME BEFORE BEDTIME,2
OKAY DID YOU WANT TO TELL YOUR MUM THEN,2
NO SO HE COMES ROUND WHEN THEY'RE HOME TOO,2
SO TELL ME WHAT YOU'VE COME TO TALK TO ME ABOUT TODAY,0
HM WELL TELL ME MORE ABOUT YOUR STEPDAD,1
OKAY TELL ME ABOUT THE TICKLING GAME,1
SO YOU PLAYED MERMAIDS BARBIES AND THE TICKLING GAME IS THAT RIGHT,2
OKAY TELL ME ABOUT THE MERMAID GAME,1
HM OH OKAY IS THERE ANYTHING ELSE WITH THE MERMAID GAME,2
OKAY ALL RIGHT WHAT ABOUT YOU TELL ME MORE ABOUT PLAYING BARBIES IN THE BATH,1
OH LOVELY TELL ME ABOUT THE HAIR,1
OH LOVELY OKAY ALL RIGHT WELL TELL ME MORE ABOUT THE TICKLING GAME,1
OH OKAY WHEN YOU SAY TICKLING WHAT HAPPENS WHEN HE'S TICKLING WHAT DOES HE DO,2
OKAY SO HE STARTS AT YOUR FEET AND TICKLES UP YOUR LEGS TO YOUR MINI IS THAT WHAT HAPPENS,2
RIGHT I DON'T KNOW WHAT A MINI IS CAN YOU TELL ME WHAT YOU USE YOUR MINI FOR,2
TELL ME WHAT YOU USE YOUR MINI FOR,2
UP TO YOUR CHIN ALL RIGHT SO TELL ME ABOUT THE BIT WHEN HE TICKLES YOUR MINI HOW LONG DOES HE DO THIS FOR,2
OKAY ALL RIGHT WHEN THIS HAPPENS WHERE'S MUM,2
TELL ME WHO'S IN YOUR FAMILY,2
IS THAT RIGHT,2
OKAY ALL RIGHT SO YOU SAID THIS HAPPENS IN THE BIG BATHROOM AND MUM'S USUALLY AT WORK IS THAT RIGHT,2
HI ISABELLE SO TELL ME WHAT HAVE YOU COME HERE TO TALK TO ME ABOUT TODAY,0
WHAT DO YOU LIKE ABOUT THE PARK,2
WHICH IS YOUR FAVOURITE,2
OKAY HOW OLD IS YOUR BROTHER,2
YES HOW FAR AWAY IS THE PARK FROM YOUR HOUSE,2
YOU DO OKAY DO YOU GO THERE ON YOUR OWN AT ALL OR DO YOU ALWAYS GO WITH YOUR BROTHER,2
REALLY OKAY WHAT WAS THE NEW GAME,2
OKAY TELL ME ABOUT THE DOCTORS GAME,1
WHAT TUNNEL IS THAT,2
IT'S PLAY EQUIPMENT IS IT IS IT SOMETHING YOU PLAY ON,2
OH RIGHT OKAY ALL RIGHT SO DO YOU BOTH GO IN THERE,2
OKAY ALL RIGHT SO WHAT HAPPENS WHEN YOU'RE IN THERE PLAYING DOCTORS,2
OH OKAY AND WHAT DO YOU DO,2
OKAY AND WHAT KIND OF STICK IS THAT,2
OKAY OKAY AND HOW DOES THAT MAKE YOU FEEL,2
DOES IT OKAY HAVE YOU TOLD ANYBODY,2
WHO DID YOU TELL,2
DID YOU OKAY SO WITH THE STICK THAT HE STICKS UP YOUR BOTTOM YOU SAID THAT HURT YEAH,2
OKAY HOW MANY TIMES HAS HE DONE THIS TO YOU,2
A LOT WHAT DOES HE SAY WHEN HE'S DOING THAT,2
OKAY OKAY DOES HE DO ANYTHING ELSE WHEN HE'S THE DOCTOR TO YOU,2
OKAY HOW DO YOU FEEL ABOUT THAT,2
YOU FEEL OKAY ABOUT THAT,2
OKAY WHEN HE SAYS THAT YOU'RE OKAY THEN YOU CAN GO,2
OKAY ALL RIGHT AND IS THERE ANYBODY ELSE THERE AT ALL,2
HI JULIAN CAN YOU TELL ME WHAT YOU'VE COME HERE TO TALK TO ME ABOUT TODAY,2
YEAH SO CAN YOU START FROM THE BEGINNING AND TELL ME EVERYTHING THAT HAPPENED,2
CAN YOU TELL ME WHAT YOU'RE HERE TO TALK TO ME ABOUT,2
OKAY CAN YOU TELL ME WHAT HAPPENED WITH YOUR DAD,2
YEAH I WASN'T THERE WHEN SOMETHING HAPPENED WITH YOUR DAD CAN YOU HAVE A BIG THINK ABOUT IT AND TELL ME EVERYTHING THAT HAPPENED FROM THE START TO THE END,2
AH CAN YOU TELL ME MORE ABOUT DAD GETTING ANGRY,2
YEAH CAN YOU START FROM THE BEGINNING AND TELL ME EVERYTHING THAT HAPPENED WHEN DAD GOT ANGRY,2
HM WHAT HAPPENED THEN,1
HM THEN WHAT HAPPENED,1
WHAT ELSE HAPPENED,1
WHAT HAPPENED THEN,1
HM AND WHAT HAPPENED THEN,1
I WASN'T THERE WHEN IT HAPPENED CAN YOU TELL ME MORE ABOUT HOW DAD PUSHED YOU,3
CAN YOU TELL ME MORE ABOUT THE PART WHERE DAD GRABBED YOU ON THE ARM,2
CAN YOU TELL ME WHAT HAND HE GRABBED YOU WITH,2
CAN YOU TELL ME MORE ABOUT WHERE ON YOUR ARM HE GRABBED YOU,2
DID ANYTHING HAPPEN WHEN HE GRABBED YOU ON TOP OF THE ARM,2
CAN YOU TELL ME ABOUT THAT,2
AND THEN WHAT HAPPENED,1
DID ANYTHING HAPPEN AFTER YOU HIT YOUR HEAD,2
AND THEN WHAT HAPPENED,1
CAN YOU TELL ME HOW YOU FELT WHEN YOU HIT YOUR HEAD AND FELL DOWN,2
HM CAN YOU TELL ME ABOUT THAT,2
CAN YOU TELL ME MORE ABOUT HOW IT HURT,2
TELL ME WHAT YOU'VE COME HERE TO TALK TO ME ABOUT TODAY,0
OKAY AND WHAT HAPPENED AFTER YOU LOOKED ON THE COMPUTER,2
OKAY TELL ME EVERYTHING ABOUT WHAT YOU SAW ON THE COMPUTER WHAT WAS HAPPENING,1
AND WHAT HAPPENED AFTER YOU WERE WATCHING THE KISSING AND TOUCHING ON THE COMPUTER,1
OKAY NOW TELL ME ABOUT THE PART WHERE HE PUT HIS HANDS DOWN YOUR PANTS AND TOUCHED YOUR WILLY,1
AND TELL ME WHAT HAPPENED AFTER YOU TOLD HIM THAT YOU DIDN'T LIKE IT AND HE LAUGHED AT YOU,1
OKAY SO YOU SAID THAT HE DID THAT CAN YOU TELL ME WAS THAT WHEN HE WAS YOU WERE WITH HIM WATCHING THE COMPUTER OR WAS IT A DIFFERENT TIME,2
OKAY AND THE TIME YOU'VE JUST TALKED ABOUT WAS THAT THE LAST TIME IT HAPPENED OR ANOTHER TIME,2
OKAY AND YOU SAID BEFORE THAT YOU DIDN'T TELL ANYONE ABOUT IT I HEARD THAT YOU TOLD YOUR MUM ABOUT IT DID YOU TELL YOUR MUM ABOUT IT,3
OKAY AND DID YOU TELL YOUR MUM ABOUT THIS ONE THAT YOU'VE TOLD ME ABOUT OR DID YOU TELL HER ABOUT ANOTHER TIME,2
WHAT DID YOU TELL YOUR MUM ABOUT,2
JUST TELL ME EVERYTHING ABOUT THAT TIME WHEN THAT HAPPENED TO YOU,1
AND SO TELL ME WHAT HAPPENED BEFORE HE PUT YOU ON HIS KNEE,1
OKAY AND WHAT HAPPENED AFTER HE PUSHED HIS WILLY INTO YOUR BOTTOM,1
AND WHAT HAPPENED WHEN YOU RAN AWAY,1
AND WHAT HAPPENED AFTER YOUR MUM PICKED YOU UP,1
OKAY TELL ME ABOUT WHAT HAPPENED WHEN YOU TOLD YOUR MUM,1
AND THAT'S WHEN YOU TOLD YOUR MUM,2
AND WHAT HAPPENED AFTER YOU TOLD YOUR MUM,1
AND SINCE YOU TOLD YOUR MUM HAS IT HAPPENED AGAIN,2
NO WHAT ABOUT THE FIRST TELL ME EVERYTHING THAT HAPPENED THE FIRST TIME THAT IT HAPPENED WITH UNCLE GARY,1
JESSICA TELL ME WHAT YOU'VE COME HERE TO TALK TO ME TODAY ABOUT,0
AND WHAT HAPPENED THEN,1
HM-HM TELL ME WHAT HAPPENED THEN,1
RIGHT TELL ME WHAT HAPPENED THEN,1
OKAY TELL ME MORE ABOUT THE BAD MAN,1
HM-HM WHAT HAPPENED THEN,1
TELL ME WHAT YOU USE YOUR MINI FOR,2
TELL ME MORE ABOUT WHEN HE PUT YOUR HAND ON YOUR MINI,1
OKAY TELL ME WHAT HAPPENED WHEN THE LADY CAME IN,1
AND WHAT HAPPENED WHEN THE BAD MAN RAN AWAY,1
TELL ME MORE ABOUT WHAT HAPPENED AFTER THAT,1
TELL ME WHAT HAPPENED WHEN YOU WENT BACK TO MUM,1
HOW OLD'S JAKE,2
ALL RIGHT YOU TOLD ME BEFORE THAT YOU STARTED CRYING TELL ME MORE ABOUT WHAT MADE YOU START CRYING,1
OKAY YOU TOLD ME BEFORE THAT HE TOUCHED YOU ON YOUR MINI CAN YOU TELL ME WHERE YOUR CLOTHES WERE WHEN HE TOUCHED YOU ON YOUR MINI,2
CAN YOU TELL ME WHERE YOUR KNICKERS WERE,2
YOU TOLD ME BEFORE THAT THIS MAN WAS SMELLY HAD GREY HAIR WHAT ELSE CAN YOU REMEMBER ABOUT HOW THE MAN LOOKED,1
HOW MANY TIMES HAVE YOU SEEN THIS MAN BEFORE,2
TELL ME ABOUT THAT LADY WHAT DO YOU REMEMBER ABOUT THAT LADY,1
TELL ME MORE ABOUT WHEN HE WIPED THE WEE FROM YOUR MINI WHAT WAS HIS HAND DOING,2
OKAY I THINK YOU'VE DONE A GOOD JOB AT ANSWERING MY QUESTIONS AND LISTENING TO MY QUESTIONS TODAY AND I DON'T HAVE ANY FURTHER QUESTIONS DO YOU HAVE ANYTHING ELSE YOU WOULD LIKE TO TELL ME,2
MILLIE TELL ME WHAT YOU'VE COME TO TALK TO ME ABOUT TODAY,0
AND TELL ME ABOUT THAT,1
OKAY WHEN WAS THE LAST TIME YOU WENT TO STAY AT HIS HOUSE,2
OKAY TELL ME ALL ABOUT THAT,1
OKAY WHAT HAPPENED THEN,1
OKAY OKAY SO I WASN'T THERE IT'S IMPORTANT I KNOW EVERYTHING THAT HAPPENED CAN YOU TELL ME EVERYTHING YOU CAN REMEMBER FROM WHEN YOU WOKE UP AND HE WAS BOUNCING ON THE BED,1
TELL ME EVERYTHING YOU REMEMBER ABOUT THAT,1
OKAY AND WHEN YOU SAY HIS THING TELL ME ABOUT HIS THING,1
OKAY TELL ME WHAT YOU MEAN BY YUCKY,1
DO YOU KNOW WHAT HE USES HIS PRIVATE PARTS FOR,2
TELL ME WHAT HE USES HIS PRIVATE PARTS FOR,2
OKAY AND THEN YOU SAID HE WAS DOING SOMETHING YUCKY WITH IT TELL ME ABOUT THAT,1
OKAY AND TELL ME WHAT HE WAS DOING WITH IT IN HIS HAND,2
OKAY AND DID KEVIN SAY ANYTHING TO YOU,2
AND DID YOU SAY ANYTHING TO HIM,2
WHAT DID HE DO WHEN YOU STARTED CRYING,2
OKAY AND WAS THERE ANYBODY ELSE AROUND WHEN THIS HAPPENED,2
AND NOW YOU SAID THIS HAPPENED YOU'D GONE TO SLEEP AND IT WAS YOU WERE IN HIS BEDROOM IN THE NIGHT WAS THERE ANYBODY ELSE IN THE HOUSE,2
WHO ELSE WAS IN THE HOUSE TELL ME ABOUT THAT,2
OKAY HOW DO YOU KNOW THEY WERE IN THEIR BEDROOM,2
OKAY SO WHAT HAPPENED NEXT AFTER HE'D PUT HIS THING INSIDE YOUR BOTTOM AND THEN TAKEN IT OUT WHAT HAPPENED NEXT,1
OKAY AND WHO DID YOU TELL DID YOU TELL ANYONE,2
OKAY WHAT'S YOUR MUM'S NAME,2
OKAY DO YOU REMEMBER WHEN YOU TOLD YOUR MUM,2
TELL ME WHEN YOU TOLD YOUR MUM ABOUT WHAT HAPPENED,2
OKAY AND WHAT DID YOU TELL YOUR MUM,2
OKAY TELL ME ABOUT CALLUM,1
OKAY AND DO YOU KNOW HOW OLD CALLUM IS,2
SO HOW OLD IS CALLUM,2
OKAY HAS HE DONE ANYTHING LIKE THIS TO YOU BEFORE,2
NOW TELL ME ABOUT THAT,1
OKAY AND WHAT HAPPENED THEN,1
OKAY SO YOU'VE TOLD ME ABOUT THE LAST TIME WHEN YOU STAYED OVER THERE AND HE PUT HIS THING INSIDE YOUR BOTTOM AND YOU'VE TOLD ME ABOUT ANOTHER TIME YOU WERE STAYING AT HIS HOUSE AND YOU WOKE UP AND HE HAD HIS DIRTY SPOT IN HIS HAND DO YOU REMEMBER WHEN THAT WAS,2
TELL ME WHEN THAT WAS,2
OKAY WHAT HAD YOU BEEN DOING THAT DAY DO YOU REMEMBER,2
OKAY AND HAS HE DONE ANYTHING LIKE THAT OR ANYTHING ELSE AT ANY OTHER TIME,2
OKAY SO YOU TOLD ME ABOUT TWO TIMES SO IT'S JUST THE TWO TIMES THAT SOMETHING'S HAPPENED,2
YEAH OKAY DID YOU TELL ANYBODY AFTER THAT HAPPENED THE LAST TIME,2
AND HOW OFTEN DO YOU STAY AROUND HIS HOUSE,2
OKAY WHAT DO YOU MEAN BY A LOT OF TIMES DO YOU MEAN EVERY WEEK OR EVERY OTHER WEEK OR ONCE A MONTH,2
WAS THERE ANYBODY ELSE IN THAT HOUSE,2
WHO ELSE WAS IN THE HOUSE,2
OKAY AND WHAT'S YOUR AUNT AND UNCLE'S NAME,2
MATT DID YOU SAY,2
HI ISABELLE CAN YOU TELL ME WHAT YOU'VE COME HERE TO TALK TO ME ABOUT TODAY,2
OKAY SO START AT THE BEGINNING TELL ME WHAT YOU'VE COME HERE TO TALK TO ME ABOUT TODAY,0
OKAY I UNDERSTAND YOU USED TO LIKE GOING FOR WALKS TO THE PARK TELL ME ABOUT THAT,3
OKAY AND WHAT DO YOU DO WHEN YOU'RE THERE,2
OKAY WHAT ELSE DO YOU DO,2
OKAY CAN YOU TELL ME SORRY TELL ME ALL ABOUT WHEN YOU PLAY DOCTORS WITH YOUR BROTHER REMEMBER I'M NOT THERE SO EXPLAIN IT ALL TO ME START AT THE BEGINNING,1
OKAY WHAT HAPPENS THEN,1
OKAY WHAT DO YOU MEAN BY NAUGHTY,2
OKAY SO OBVIOUSLY ISABELLE I'M NOT THERE SO FEEL FREE TO TALK TO ME ABOUT ANYTHING YOU'RE NOT GOING TO GET INTO ANY TROUBLE BUT CAN YOU EXPLAIN TO ME WHAT YOU MEAN BY WHEN YOU SAY HE DOES SOMETHING NAUGHTY,2
OKAY WHAT DO YOU MEAN WHEN YOU SAY THAT,2
OKAY TELL ME MORE ABOUT THE STICK,1
ABOUT THE STICK,3
OKAY AND EXPLAIN TO ME WHAT HE DOES WITH THE STICK,2
OKAY NOW WHEN YOU SAY YOUR PRIVATES EXPLAIN TO ME WHAT YOU MEAN BY THAT,2
OKAY AND EXPLAIN TO ME WHEN YOU SAY YOUR BOTTOM DO YOU MEAN CAN YOU GIVE ME MORE INFORMATION ABOUT THAT,2
OKAY JUST TELL ME A BIT MORE INFORMATION ABOUT WHAT YOU DO WITH YOUR BOTTOM,2
OKAY ALL RIGHT NOW ALL RIGHT START AT THE BEGINNING TELL ME EXACTLY WHAT HE DOES WHEN YOU'RE IN THE TUNNEL,1
OKAY WHAT HAPPENS THEN,1
OKAY TELL ME MORE ABOUT THE PART WHERE HE PUTS THE STICK IN YOUR BOTTOM,1
OKAY NOW YOU MENTIONED TELL ME MORE ABOUT THE PART WHERE YOU ARE ON YOUR KNEES,1
OKAY WHAT HAPPENED THEN,1
OKAY WHAT HAPPENED AFTER THAT,1
OKAY ALL RIGHT WHAT HAPPENED THEN,1
OKAY ALL RIGHT NOW YOU MENTIONED IT WAS YOUR BROTHER CAN YOU TELL ME MORE INFORMATION ABOUT YOUR BROTHER,2
OKAY TELL ME ALL THE INFORMATION THAT YOU CAN ABOUT YOUR BROTHER,1
OKAY HOW OLD IS YOUR BROTHER,2
OKAY HAVE YOU GOT MORE THAN ONE BROTHER,2
OKAY AND HOW OFTEN DO YOU GO TO THE PARK,2
OKAY CAN YOU TELL ME WHEN WAS THE LAST TIME THIS HAPPENED AT THE PARK,2
OKAY ALL RIGHT CAN YOU TELL ME MORE ABOUT THE PART WHERE YOU SAID THAT YOU PLAYED DOCTORS,2
SO TELL ME MORE ABOUT THAT OBVIOUSLY I WASN'T THERE SO I'M NOT ENTIRELY SURE WHAT HAPPENED EXPLAIN TO ME WHAT HAPPENED WHEN YOU PLAYED DOCTORS,1
OKAY AND WHAT HAPPENED SO YOU MENTIONED THAT HE PULLS DOWN YOUR PANTS DOES HE TAKE ANY OTHER ITEMS OF CLOTHING OFF,2
WHAT OTHER TIMES,2
OKAY ALL RIGHT AND DOES ANYTHING ELSE OCCUR WHEN YOU'RE IN THE TUNNELS,2
OKAY CAN YOU TELL ME SORRY TELL ME ANY MORE DETAIL ABOUT THAT,1
OKAY ABOUT HOW BIG IS THE STICK,2
WHAT HAVE YOU COME TO TALK TO ME ABOUT TODAY,2
SO WHAT'S HIS NAME,2
THAT'S PRETTY GOOD AND THE TICKLING GAME WHICH GAME DO YOU LIKE THE BEST,2
OKAY AND WHAT DO YOU LIKE ABOUT THAT GAME,2
OKAY THAT IS FUN SO WHICH GAME DON'T YOU LIKE,2
WHAT DON'T YOU LIKE ABOUT THE TICKLING GAME,2
SO WHAT'S ANOTHER NAME FOR YOUR PRIVATES,2
SO HOW DOES HE JUST LET ME THINK SO WHAT PART OF HIS BODY DOES HE USE TO PLAY THE TICKLING GAME,2
AND HOW DO YOU FEEL WHEN HE PLAYS THAT TICKLING GAME WITH YOU,2
AND OTHER TIMES,2
AND WHAT DOES HE SAY WHILE HE'S PLAYING THE TICKLING GAME WITH YOU,2
AND DO YOU LIKE IT WHEN HE TICKLES YOUR TOES,2
SO WHAT DO YOU WEAR WHEN YOU'RE IN THE BATH PLAYING THE TICKLING GAME,2
AND WHAT DOES STEPHEN WEAR WHEN YOU PLAY THE TICKLING GAME,2
SO ARE YOU THE ONLY ONE IN THE BATH WHEN YOU'RE PLAYING THE GAME OR IS THERE OTHER PEOPLE,2
AND HOW ABOUT STEPHEN WHERE IS HE WHEN YOU'RE IN THE BATH,2
OKAY YOU'RE DOING A GREAT JOB THANK YOU FOR TELLING ME YOUR STORY SO HOW MANY TIMES DOES HE PLAY THE TICKLING GAME,2
WHAT DO YOU MEAN BY ALL THE TIME,2
AND HOW MANY TIMES A DAY DO YOU HAVE A BATH,2
SO WHO ELSE IS AT HOME WHEN YOU'RE PLAYING THE TICKLING GAME,2
SO WHEN YOU'RE JUST IN YOUR HOUSE HOW MANY PEOPLE LIVE THERE NORMALLY,2
AND WHO IS THAT,2
SO WHERE IS MUMMY WHEN YOU'RE HAVING A BATH WHEN STEPHEN HELPS,2
WHAT DO YOU SAY TO STEPHEN WHEN HE PLAYS THE TICKLING GAME TO YOU AND YOU DON'T LIKE IT,2
HOW LONG HAVE YOU KNOWN STEPHEN FOR,2
SO YOU SAID THIS HAPPENED ALL THE TIME LIKE STEPHEN BATHS YOU ALL THE TIME HOW OLD ARE YOU NOW DO YOU KNOW,2
HOW OLD ARE YOU,2
DO YOU THINK THAT MAYBE IT'S BEEN HAPPENING FOR A LONG TIME OR A LITTLE TIME OR YOU DON'T KNOW,2
AND WHAT DOES HE SAY TO YOU WHEN HE'S TICKLING YOU,3
SO IS THERE ANYWHERE ELSE WHERE HE PUTS HIS FINGERS,2
AND HOW DOES THAT MAKE YOU FEEL,2
OKAY THANK YOU FOR TELLING ME YOUR STORY NOW I WASN'T THERE IN THE BATH WITH YOU SO CAN YOU TELL ME MORE ABOUT THE TIMES WHERE HE TICKLES YOU,2
AND SO LET'S JUST SAY THE VERY LAST TIME WHERE HE TICKLED YOU TELL ME ALL ABOUT THAT,1
OKAY SO HAVE YOU EVER TOLD ANYONE ABOUT YOU AND STEPHEN PLAYING THE TICKLING GAME,2
AND WHO HAVE YOU TOLD,2
AND SO WHEN DID YOU TELL TAMMY ABOUT THAT,2
IS THERE ANYONE ELSE THAT YOU TOLD ABOUT THAT,2
CHARLOTTE DO YOU HAVE ANY QUESTIONS FOR ME,2
NOW IF YOU WANT TO TALK TO ME ABOUT THIS ANYMORE IF YOU CAN REMEMBER MORE THINGS ABOUT THE GAME OR ABOUT OTHER GAMES THAT HE PLAYS WELL MAYBE WE CAN JUST QUICKLY TALK ABOUT THAT NOW HAS HE PLAYED ANY OTHER GAMES WITH YOU THAT'S NOT BEEN IN THE BATH,2
TELL ME WHAT YOU'VE COME HERE TO TALK TO ME ABOUT TODAY,0
OKAY NOW I'VE HEARD THAT SOMEONE DID A RUDE THING TO YOU DID SOMEONE DO A RUDE THING TO YOU,3
TELL ME EVERYTHING THAT HAPPENED WHEN THAT RUDE THING HAPPENED START REMEMBER I WASN'T THERE SO START FROM THE BEGINNING,0
WHAT HAPPENED THEN,1
HM-HM AND WHAT HAPPENED THEN,1
HM-HM AND WHAT HAPPENED AFTER THAT,1
HM-HM AND WHAT HAPPENED THEN,1
HM-HM WHAT HAPPENED THEN,1
HM-HM AND WHAT HAPPENED THEN,1
HM-HM AND WHAT HAPPENED AFTER THAT,1
HM-HM AND WHAT THEN,1
AND WHAT HAPPENED AFTER THAT,1
OKAY HARRY YOU SAID THAT THERE WERE RUDE PEOPLE ON THE SCREEN WITH UNCLE GEORGE TELL ME MORE ABOUT THE RUDE PEOPLE ON THE SCREEN NOW REMEMBER I WASN'T THERE SO START FROM THE BEGINNING AND TELL ME EVERYTHING,1
HM-HM AND WHAT ELSE HAPPENED,1
HM-HM AND HARRY YOU TOLD ME THAT UNCLE GEORGE TOLD YOU TO DO THE SAME TO HIM TELL ME A BIT MORE ABOUT THAT NOW REMEMBER AGAIN I WASN'T THERE SO JUST START FROM THE BEGINNING AND TELL ME EVERYTHING,1
AND THEN WHAT HAPPENED,1
AND THEN WHAT HAPPENED,1
HM-HM AND THEN WHAT HAPPENED AFTER THAT,1
HM-HM NOW HARRY HAS THIS HAPPENED JUST THIS ONE TIME OR MORE THAN ONE TIME,2
AND WHEN DID THIS HAPPEN,2
HM-HM ALL RIGHT HARRY THANK YOU FOR COMING IN TODAY AND LISTENING TO MY QUESTIONS IS THERE ANYTHING ELSE YOU WOULD LIKE TO TELL ME,2
SO LUCY MY NAME'S   AND WHAT HAVE YOU COME HERE TO TODAY TO SPEAK TO ME ABOUT,0
AND WHAT CAN YOU TELL ME ABOUT MR MATTHEWS,2
AND ANYTHING ELSE,1
WHAT CAN YOU TELL ME,2
AND WHY,2
WHY IS IT YUCK,2
OKAY WHAT CAN YOU TELL ME ABOUT THE RUDE THING,2
SO TELL ME MORE ABOUT THE PART WHERE YOU DO THE RUDE THING,1
AND THEN WHAT HAPPENS,1
OKAY TELL ME MORE ABOUT THE PART WHERE YOU SAID HE WANTS YOU TO TOUCH HIS STICK,1
ANYTHING ELSE,1
AND HOW DOES HE MAKE YOU,2
AND WHAT ELSE HAS HAPPENED IN THAT TIME WHEN HE SAYS TO TOUCH HIS STICK,1
AND THEN WHAT HAPPENS,1
AND THEN WHAT HAPPENS,1
OKAY AND THEN WHAT HAPPENS AFTER THAT,1
OKAY SO TELL ME EVERYTHING THAT HAPPENS WHEN YOU PULL UP YOUR DRESS AND START FROM THE BEGINNING,0
AND THEN WHAT HAPPENS,1
AND THEN WHAT HAPPENS,1
AND WHAT HAPPENS THEN,1
AND THEN WHAT HAPPENS,1
SO MR MATTHEWS JUST LOOKS AT YOU,2
DOES ANYTHING ELSE HAPPEN WHILE YOU'RE IN THERE PULLING YOUR UNDIES DOWN,2
OKAY AND WHAT HAPPENS AFTER YOU'VE PULLED YOUR UNDIES DOWN,2
AND WHAT HAPPENS THEN,1
AND THEN WHAT HAPPENS,1
WHEN THIS HAPPENED WAS THERE ANYONE ELSE IN THE CLOSET,2
WHO ELSE IS THERE,2
WHAT ABOUT WHERE IS THE CUPBOARD,2
AND CAN YOU TELL ME ANYTHING ELSE ABOUT THE ART ROOM,2
WHAT CAN YOU TELL ME,2
AND WHAT DOES THAT MEAN TO BE THE ART MONITOR,2
AND IS ANYONE ELSE THE ART MONITOR,2
AND WHEN DOES MR MATTHEWS TAKE YOU INTO THE CUPBOARD,2
AND IS THE SHOW AND TELL GAME HAS THAT HAPPEN MORE THAN ONCE,2
AND WHEN DO YOU WHEN DOES THIS USUALLY HAPPEN,2
HAS IT EVER HAPPENED ANY OTHER TIME,2
CAN YOU TELL ME HOW MANY TIMES YOU THINK THIS HAS HAPPENED,2
HOW MANY,2
NOW YOU SAY THAT THE SHOW AND TELL GAME MAKES YOU FEEL YUCK CAN YOU TELL ME ANYTHING MORE ABOUT THAT,2
AND WHEN YOU LEAVE THE CUPBOARD HAS THERE EVER BEEN ANYONE ELSE IN THE ART ROOM WHEN YOU LEAVE,2
AND WHEN YOU GO BACK OUT TO RECESS DOES ANYTHING ELSE HAPPEN,2
HI SEAN TELL ME WHAT YOU THINK YOU'VE COME TO TALK TO ME ABOUT TODAY,0
THE BIG BOY AT SCHOOL OKAY SO TELL ME WHAT HAPPENED WITH THE BIG BOY AT SCHOOL,2
AND SO THEN WHAT HAPPENED,1
YEAH AND THEN WHAT HAPPENED SO SEAN I WASN'T THERE SO CAN YOU TELL ME EVERYTHING THAT HAPPENED,2
SO YOU'VE BEEN MADE TO PLAY A GAME AND DIDN'T LIKE IT AND YOU WERE ON I DON'T REMEMBER WHAT YOU SAID WAS IT ON THE MONKEY BARS,2
OKAY WHAT HAPPENED AFTER THAT,1
WHAT ARE THEIR NAMES,2
AND WHAT GRADE ARE YOU IN,2
SO YOU'RE WITH YOUR TWO FRIENDS HARRY AND IAN THE MONKEY BARS WITH THE BIG BOY AND DO YOU REMEMBER THE BIG BOY'S NAME,2
WHAT'S HIS NAME,2
OKAY SO THEN WHAT HAPPENED SO HE TOLD YOU THAT YOU HAD TO GO TO THE CUBICLE ONE AT A TIME,1
AND THEN WHAT HAPPENED AFTER HE SAID THAT,1
AND DID YOU,2
AND THEN WHAT HAPPENED,1
WHAT DID HE SQUEEZE IT WITH,2
HM-HM AND THEN WHAT HAPPENED,1
OKAY AND WHAT HAPPENED AFTER THAT AFTER HE SAID THAT,1
NEAR THE LIBRARY AT SCHOOL,3
WAS THERE ANYONE ELSE IN THE TOILET,2
WHILE YOU AND HARRY WERE WAITING,2
OKAY AND SO YOU WAITED FOR HARRY TO WERE YOU WAITING FOR HARRY TO COME OUT WERE YOU,2
NO SO IAN WENT IN AND HE WAS IN THERE FOR A LITTLE BIT,3
YOU DIDN'T HEAR ANYTHING YOU DIDN'T SEE ANYTHING,3
AND THEN WHAT HAPPENED AFTER THAT,1
DID YOU HEAR OR SEE ANYTHING WHILE YOU WERE WAITING WHILE HARRY WAS IN THERE,3
OKAY SO WHAT HAPPENED NEXT,1
AND WHERE WAS SAM WHEN YOU WENT BACK OUT TO THE MONKEY BARS,2
DID YOU SEE SAM AFTER THAT,2
OKAY WHAT DID YOU DO WHEN YOU WENT OUT TO THE MONKEY WHAT DID YOU DO NEXT AT THE MONKEY BARS,1
DID I GET THAT RIGHT DID I REMEMBER THAT RIGHT OKAY AND DID SAM SAY ANYTHING,2
OKAY AND HE SQUEEZED YOUR WILLY,2
AND YOU SAID THAT YOU DID THAT LOTS OF TIMES,2
DID HE TOUCH YOU ANYWHERE ELSE,2
HILARY TELL ME WHAT YOU'VE COME HERE TO TALK TO ME ABOUT TODAY,0
WHAT DID YOU WANT TO TELL ME ABOUT JANET'S HOUSE,1
TELL ME ABOUT WHY YOU DON'T LIKE IT ANYMORE,2
TELL ME WHAT HAPPENED,1
WHAT HAPPENED THEN,1
OKAY WHAT ELSE HAPPENED WHEN POP DID THE BAD THING,1
TELL ME MORE ABOUT THE STUFF HE WAS DOING,1
WHAT ELSE HAPPENED,1
OKAY TELL ME MORE ABOUT HIS FINGERS WIGGLING ALL OVER YOUR PRIVATES,1
OKAY TELL ME MORE ABOUT YOU AND JANET SPLASHING ALL OVER,1
OKAY CAN YOU TELL ME MORE OR I'LL REPHRASE THAT TELL ME MORE ABOUT THE BUBBLE POOL,1
WHERE IS THE BUBBLE POOL,2
BIG,2
OKAY WHAT ELSE HAPPENED WHEN YOU'RE IN THE BUBBLE POOL,1
YOU SAID BEFORE THAT YOU DIDN'T SAY ANYTHING TELL ME MORE ABOUT THAT BIT THAT YOU DIDN'T SAY ANYTHING,1
OKAY AND WHAT HAPPENED THEN,1
OKAY AND WHAT HAPPENED THEN,1
OKAY TELL ME ABOUT BEING SORE DOWN THERE,1
OKAY TELL ME MORE ABOUT WHEN THE BAD THING HAPPENED,1
ALAN TELL ME WHAT YOU'VE COME HERE TO TALK TO ME ABOUT TODAY,0
HM-HM SO TELL ME EVERYTHING THAT YOU CAN  TELL ME ABOUT YOUR NEIGHBOUR,1
OKAY SO TELL ME WHAT IS IT THAT YOU WOULD LIKE TO TELL ME ABOUT YOUR NEIGHBOUR,3
SO TELL ME EVERYTHING THAT YOU CAN REMEMBER ABOUT HIDE AND SEEK,1
TELL ME MORE ABOUT THE PART WHERE YOU SAID YOU HAD TO DO A DARE,1
TELL ME WHAT HE MAKES YOU DARE,2
TELL ME WHAT HAPPENS THEN,1
TELLS ME WHAT HAPPENS NEXT,1
OKAY ALAN YOU'VE TOLD M E LOTS OF THINGS THERE I'D LIKE TO ASK YOU SOME MORE QUESTIONS ABOUT WHEN YOU PLAY HIDE AND SEEK TELL ME WHEREABOUTS YOU ARE WHEN YOU PLAY HIDE AND SEEK,2
AND WHOSE GARDEN IS IT,2
AND WHO ELSE IS IN THE GARDEN,2
OKAY SO TELL ME ALL ABOUT JACK,1
OKAY AND YOU TOLD ME THAT HIS NAME'S JACK WHAT'S JACK'S OTHER NAME,2
OKAY AND HE LIVES NEXT DOOR TO YOU AT NUMBER FIVE,2
OKAY SO ALAN YOU'VE TOLD ME LOTS OF THINGS ABOUT WHAT HAPPENS WHEN YOU PLAY HIDE AND SEEK SO TELL ME WHAT HAPPENS BEFORE YOU PLAY HIDE AND SEEK WHAT DO YOU DO,1
OKAY AND WHAT DOES JACK SAY WHEN YOU GO AND PLAY IN THE GARDEN,2
AND HE MAKES YOU PULL YOUR PANTS DOWN TELL ME MORE ABOUT THAT PART TELL ME EVERYTHING YOU CAN REMEMBER ABOUT THAT PART ALAN START FROM THE BEGINNING,0
OKAY AND WHEN HE GRABS YOUR WILLY WHAT DOES HE DO,2
OKAY AND WHAT DID YOU SAY TO JACK,2
OKAY AND WHAT HAPPENS WHEN YOU GO INSIDE,2
OKAY ALAN I'D JUST LIKE TO ASK YOU A COUPLE MORE QUESTIONS IT'S ABOUT THE PART WHERE YOU SAID HE SQUEEZES YOUR WILLY WHAT DOES JACK USE TO SQUEEZE YOUR WILLY,2
DO YOU KNOW WHICH HAND HE USES,2
OKAY AND I THINK I KNOW WHAT YOU MEAN WHEN YOU SAY WILLY BUT CAN YOU TELL ME WHICH PART OF THE BODY THE WILLY IS,2
YEAH CAN YOU SHOW ME,2
YEAH AND IF YOU WENT TO THE TOILET ALAN WHAT WOULD HAPPEN WHEN YOU GO TO THE TOILET WITH YOUR WILLY,2
OKAY AND WHAT WAS IT THAT WAS HURTING ON YOUR WILLY,2
AND WHEN WAS IT THAT THIS HAPPENED,2
TELL ME WHAT DAY IT WAS,2
IT WAS A SCHOOL DAY OKAY AND DO YOU REMEMBER WHAT TIME IT WAS ON THE SCHOOL DAY,2
CAN YOU TELL ME WHAT TIME IT WAS,2
CAN YOU TELL ME ABOUT THAT,2
AND HOW MANY DAYS DO YOU DO PE,2
‚Ä¶COME HERE TO TALK TO ME ABOUT TODAY,2
OKAY AND YOU PLAYED GAMES WITH YOUR NEIGHBOUR,3
TELL ME ABOUT THOSE GAMES,1
OKAY AND ARE THESE GAMES FUN OR,3
YEAH AND OTHER TIMES,3
OKAY CAN YOU TELL ME ABOUT WHAT YOU SAID TO YOUR MUM ABOUT YOUR NEIGHBOUR,3
AND WHAT IS HIS NAME,2
OKAY AND IS HE OLDER THAN YOU,2
OKAY A LOT OLDER OR JUST A LITTLE BIT OLDER,2
OKAY AND WHAT DID YOU TELL YOUR MUM ABOUT JACK,3
OKAY AND BY WILLY WHAT DO YOU MEAN BY THAT,2
OKAY AND WHEN YOU TOLD YOUR MUM DID YOU DO YOU THINK IT'S A BAD THING THAT YOUR WILLY HURTS AFTER YOU PLAY WITH JACK,3
RIGHT HOW MANY TIMES HAVE YOU BEEN OVER TO PLAY WITH JACK DO YOU THINK,2
RIGHT CAN YOU DESCRIBE TO ME THE GAMES THAT YOU PLAY,2
TELL ME ABOUT WHERE YOU PLAY THEM ARE YOU INSIDE THE HOUSE ARE YOU OUTSIDE,2
AT YOUR HOUSE OKAY AND IS THERE ANYBODY ELSE AROUND WHEN YOU'RE PLAYING THESE GAMES,2
SO IT'S JUST YOU AND JACK IN THE GARDEN AT YOUR HOUSE,3
OKAY AND WHAT DO YOU DO IN HIDE AND SEEK,2
OKAY SO WHO HIDES DO YOU HIDE OR DOES JACK HIDE OR DO YOU BOTH HIDE SOMETIMES,2
OKAY TELL ME ABOUT THE DANCE THAT YOU DO,1
OH IT'S A DARE IS IT,2
OKAY AND TELL ME ABOUT THAT WHAT TYPE OF DARE DO YOU DO,2
OKAY AND HOW DOES THAT HAPPEN HAVE YOU GOT YOUR CLOTHES ON OR,2
OKAY SURE AND SO HOW TELL ME ABOUT HOW HE TOUCHES YOUR WILLY,2
SO HE PUTS DOES HE TOUCH YOU ON THE OUTSIDE OF THE CLOTHING OR DOES HE PUT HIS HANDS DOWN YOUR CLOTHING,2
OKAY HOW DOES IT MAKE YOU FEEL WHEN HE DOES THAT,2
ALL RIGHT AND WHEN YOU TELL HIM YOU DON'T WANT TO PLAY WHAT DOES HE DO THEN,1
AND HOW DOES THAT MAKE YOU FEEL,2
DOES IT MAKE YOU FEEL BAD THAT JACK DOESN'T WANT TO PLAY WITH YOU ANYMORE,2
YEAH SO THEN WHAT DOES HE STOP OR DO YOU LET HIM KEEP PLAYING,2
OKAY WHEN HE TOUCHES YOU ON YOUR PRIVATE PARTS HOW LONG DOES THAT GO FOR HOW LONG DOES THAT LAST,2
OKAY AND WHAT DOES HE DO,2
OKAY AND DOES ANYTHING HAPPEN TO YOUR WILLY,2
OKAY IS THAT WHEN IT GETS SORE,3
DO YOU REMEMBER WHEN THE LAST TIME THAT HAPPENED,2
AND DO YOU REMEMBER HOW LONG AGO THAT WAS,2
OKAY CAN YOU TELL ME ABOUT THAT DAY THE LAST TIME THAT HAPPENED,2
WAS THERE ANYTHING SPECIAL ABOUT THAT DAY,2
HM-HM AND IT WAS AFTER YOU CAME HOME,2
DO YOU REMEMBER WHAT YOU WERE WEARING,2
WHAT WERE YOU WEARING THAT DAY,2
OKAY AND DO YOU KNOW WHAT JACK WAS WEARING,2
WHAT WAS HE WEARING,2
OKAY DO YOU GUYS GO TO THE SAME SCHOOL OR DIFFERENT SCHOOLS,2
SAME SCHOOL OKAY ARE YOU FRIENDS AT SCHOOL,2
HAVE YOU EVER PLAYED THIS GAME AT SCHOOL BEFORE,2
OKAY AND THE TIME YOU JUST TOLD ME ABOUT WAS THERE ANY OTHER TIMES THIS HAS HAPPENED,2
SO IT'S JUST THE ONE TIME,2
OKAY AND HOW LONG AFTER JACK WENT HOME DID YOU SPEAK TO YOUR MUM ABOUT IT,2
SO WAS IT THE SAME DAY WAS IT THE NEXT DAY,2
THE SAME DAY OKAY DOES JACK SAY ANYTHING TO YOU WHEN THESE THINGS ARE HAPPENING WHEN HE WANTS TO PLAY THESE GAMES,2
DO YOU THINK WHAT JACK IS DOING IS RIGHT OR WRONG,2
OKAY NOW HOW DO YOU KNOW THAT HAS MUM SPOKEN TO YOU ABOUT THAT BEFORE,3
OKAY AND WHAT HAS MUM SAID ABOUT THAT,2
OKAY SO WHEN THIS HAPPENED TO YOU WHEN YOU WERE PLAYING IN YOUR YARD WHEREABOUTS IN YOUR YARD DID IT HAPPEN HAVE YOU GOT A CUBBYHOUSE OR WAS IT BEHIND A TREE,2
THAT'S WHERE YOUR HIDING SPOT WAS,2
AND JACK FOUND YOU THERE,3
AND THEN WHAT DOES HE SAY ABOUT THE DARE,2
OKAY AND DO YOU REMEMBER WHAT WORDS HE USED WHEN HE SAID ABOUT THE DARE,2
ALAN HOW LONG DO YOU THINK JACK HAD HIS HAND ON YOU TOUCHING YOUR PRIVATE PARTS,2
WOULD YOU SAY AS LONG DO YOU KNOW WHAT A MINUTE IS,2
WOULD YOU SAY AS LONG AS WHAT'S YOUR FAVOURITE SOONG,2
WOULD YOU SAY IT'S WOULD YOU HAVE BEEN ABLE TO COUNT TO 10 OR 20 OR,3
AND WE SPOKE ABOUT WHETHER THIS HAS HAPPENED BEFORE HAS YOU EVER PLAYED HIDE AND SEEK WITH JACK BEFORE,2
OKAY WAS THERE EVER ANY DARES DURING THAT GAME,2
HAS THE TYPE OF DARE THAT JACK PLAYED WITH THAT DAY HAS THAT EVER HAPPENED TO YOU BEFORE,2
GOOD MORNING JULIAN THANKS FOR COMING TO SPEAK TO ME TODAY CAN YOU TELL ME WHY YOU'VE COME TO SPEAK TO ME,2
WHY HAVE YOU COME,2
WHAT DID SHE SAY,2
OKAY WHAT WOULD YOU LIKE TO TALK TO ME ABOUT YOUR DAD TODAY,2
CAN YOU TELL ME HOW HE HURT YOU AND MUM,2
CAN YOU REMEMBER EVERYTHING THAT YOU POSSIBLY CAN AND START AT THE BEGINNING BECAUSE I WASN'T THERE SO I DON'T KNOW WHAT HAPPENED SO IF YOU CAN START AT THE BEGINNING AND TAKE YOUR TIME TO TELL ME EVERYTHING YOU CAN REMEMBER,0
OKAY IS MUM A GOOD COOK,3
RIGHT SO WHAT HAPPENED,1
WHY WAS DAD ANGRY,2
OKAY AND HOW DID YOU KNOW DAD WAS ANGRY,2
OKAY DID DAD DO SOMETHING THAT MADE YOU KNOW HE WAS ANGRY,2
WHAT DID HE DO,2
OKAY JULIAN I WASN'T THERE SO I DIDN'T HEAR WHAT DAD WAS SAYING CAN YOU TELL ME WHAT DAD WAS SAYING,2
WHAT WAS HE SAYING,2
OKAY AND DID DAD SAY ANYTHING ELSE,2
OKAY AND WHAT WERE YOU DOING WHEN DAD WAS ANGRY,2
OKAY AND WHERE WAS MUM,2
OKAY CAN YOU REMEMBER IF DAD SAID ANYTHING ELSE,2
OKAY AND AFTER DAD SAID THAT WHAT HAPPENED,1
OKAY CAN YOU TELL ME HOW HE HIT MUM IN THE FACE,2
HOW DID HE DO THAT,2
OKAY WHAT DID DAD USE TO HIT MUM IN THE FACE,2
OKAY CAN YOU REMEMBER WHAT DAD'S HAND LOOKED LIKE WHEN HE HIT MUM IN THE FACE,2
WHAT DID IT LOOK LIKE,2
IT WAS STRAIGHT OUT DID HIS HAND LOOK LIKE IT DOES WHEN YOU'RE CLAPPING,3
OKAY CAN YOU REMEMBER WHERE ON MUM'S FACE DAD HIT HER,2
WHEREABOUTS,2
OKAY CAN YOU REMEMBER WHEREABOUTS IN THE HEAD DAD PUNCHED MUM,2
WHEREABOUTS,2
CAN YOU REMEMBER WHICH EAR DAD PUNCHED MUM,2
OKAY YOU'RE DOING VERY WELL JULIAN CAN YOU TELL ME WHAT MUM WHEREABOUTS MUM WAS WHEN DAD PUNCHED HER IN THE HEAD,2
OKAY AND CAN YOU REMEMBER WHAT DAD'S HAND LOOKED LIKE WHEN HE PUNCHED HER IN THE HEAD,2
HOW DID IT LOOK,2
OKAY DID DAD SAY ANYTHING TO MUM WHEN HE DID THAT,2
OKAY WHAT HAPPENED AFTER DAD PUNCHED MUM IN THE HEAD,1
CAN YOU DESCRIBE TO ME BECAUSE I DIDN'T SEE MUM AFTER THAT HAPPENED CAN YOU DESCRIBE TO ME WHAT YOU SAW WHEN MUM WAS LYING DOWN,2
WHERE WAS SHE BLEEDING,2
HM AND WHAT DID DAD DO,2
WHAT WAS HE SHOUTING AT YOU FOR,3
OKAY CAN YOU REMEMBER THE WORDS THAT DAD USED,2
OKAY AND CAN YOU REMEMBER ANY OTHER WORDS THAT DAD USED BESIDES THAT YOU WERE TAKING MUM'S SIDE,2
OKAY AND WHAT HAPPENED AFTER DAD SAID THAT,1
CAN YOU TELL ME A LITTLE BIT MORE ABOUT THAT,2
WHAT CAN YOU TELL ME,2
OKAY WHEREABOUTS ON YOUR ARM DID HE GRAB YOU,2
OKAY AND HOW DID IT FEEL WHEN DAD GRABBED YOU NEAR YOUR SHOULDER,2
CAN YOU POINT TO IT,2
OKAY THANK YOU AND WHAT HAPPENED AFTER HE GRABBED YOUR ARM NEAR YOUR SHOULDER AND THREW YOU,1
WHAT DID YOU HIT YOUR HEAD ON,2
OKAY AND DID ANYTHING HAPPEN NEAR YOUR EYEBROW WHEN IT HIT THE TABLE,2
OKAY AND DID DAD SAY ANYTHING TO YOU WHEN HE GRABBED YOUR ARM AND THREW YOU,2
OKAY WHAT HAPPENED AFTER YOU HIT YOUR HEAD ON THE TABLE,1
OKAY WHICH CHAIR DID YOU LAND ON,2
OKAY WHICH ROOM OF THE HOUSE IS THE CHAIR IN,2
OKAY SO CAN YOU TELL ME YOU SAID YOU HIT THE WALL WHICH WALL DID YOU HIT,2
OKAY CAN YOU TELL ME WHICH ROOM OF THE HOUSE THE WALL WAS IN,2
WHICH ROOM,2
OKAY SO DID YOU GO INTO ANY OTHER ROOM OF THE HOUSE,2
OKAY AND WHERE WAS MUM WHEN DAD DID THAT TO YOU,2
OKAY DID ANYTHING HAPPEN TO YOUR BACK WHEN YOU FELL ON THE CHAIR,2
OKAY HOW DID YOU FEEL WHEN YOU FELL ON THE CHAIR,2
WHAT WAS IN PAIN,2
OKAY AND WHAT HAPPENED AFTER YOU WERE IN THE CHAIR,1
OKAY HOW DID DAD RUN AWAY,2
OKAY DID YOU SEE DAD RUN AWAY,2
WHAT DID YOU SEE,2
OKAY AND DID YOU SEE WHERE HE WENT AFTER HE WENT OUT THE BACK DOOR,2
OKAY AND WHERE WAS MUM WHEN DAD RAN AWAY,2
OKAY AND WHERE WERE YOU WHEN DAD RAN AWAY,2
TELL ME WHAT YOU'VE COME TO TALK ABOUT TODAY,0
OKAY YEAH TELL ME ABOUT THE BAD MAN,1
OKAY SO CAN YOU TELL ME EVERYTHING THAT HAPPENED WHEN YOU SAW THE BAD MAN STARTING FROM THE BEGINNING,2
TELL ME WHAT HAPPENED,2
OKAY AND WHAT HAPPENED NEXT,1
HM-HM AND THEN WHAT,1
YEAH AND WHAT HAPPENED WHEN YOU WENT TO THE TOILET,2
AND THEN WHAT HAPPENED,1
OKAY SO I WASN'T THERE WHEN YOU WERE IN THE TOILET SO CAN YOU TELL ME EVERYTHING THAT HAPPENED WHEN THE BAD MAN CAME IN,2
OKAY AND THEN WHAT HAPPENED,1
AND WHAT HAPPENED AFTER THAT,1
OKAY AND WHEN YOU SAY YOUR PRIVATE WHAT DO YOU MEAN BY THAT,2
HM-HM OKAY SO CAN YOU EXPLAIN TO ME WHAT YOU MEAN BY YOUR GIRLIE BITS,2
TELL ME ABOUT THAT,1
OKAY TELL ME WHAT HAPPENED,2
OKAY AND WHY DID HE DO THAT,3
OKAY CAN YOU TELL ME WHAT HE USED,2
WHAT DID HE USE,2
OKAY SO WHEN YOU SAY HE WIPED CAN YOU DESCRIBE TO ME HOW HE DID THAT,2
HM-HM DID HE USE ANYTHING,2
WHAT WAS THAT,2
OKAY AND THEN WHAT HAPPENED,1
OKAY TELL ME MORE ABOUT THAT,1
OKAY HAVE YOU SEEN THIS MAN BEFORE,2
DID YOU TELL ANYONE ABOUT THE BAD MAN IN THE TOILET,2
WHO DID YOU TELL,2
HM-HM WERE YOU ALONE IN THE TOILET,2
APART FROM THE BAD MAN MUM WASN'T WITH YOU,2
IS THERE ANYTHING ELSE THAT YOU CAN TELL ME ABOUT HIM,2
OKAY WHAT CAN YOU TELL ME,2
HM-HM ANYTHING ELSE,2
THAT'S ALL WHEN YOU SAY HIS GREEN COAT IS THERE ANYTHING ELSE THAT YOU CAN REMEMBER ABOUT THE GREEN COAT THAT YOU'D LIKE TO TELL ME,2
OKAY DID YOU TELL MUM STRAIGHTAWAY,3
HM-HM TELL ME ABOUT THAT,1
OKAY TELL ME MORE ABOUT THAT,1
HM-HM AND THEN WHAT HAPPENED,1
ON TOP OF WHAT,2
OKAY AND DID YOU HAVE ANY UNDERWEAR ON,2
SO WHEN YOU LEFT THE TOILET AND HE HAD RAN AWAY DID YOU SEE THE BAD MAN AGAIN,2
HILARY TELL ME WHAT YOU'VE COME TO TALK TO ME ABOUT TODAY,0
OKAY TELL ME WHAT HAPPENED THE LAST TIME YOU SAW YOUR UNCLE,1
AND WHAT HAPPENED NEXT,1
WHAT HAPPENED AFTER THAT,1
HM-HM AND WHAT HAPPENED THEN,1
I WASN'T THERE WHEN YOUR UNCLE DID THE NAUGHTY THING CAN YOU TELL ME EVERYTHING THAT HAPPENED FROM START TO FINISH ABOUT THE NAUGHTY THING,2
TELL ME EVERYTHING THAT HAPPENED FROM START TO FINISH,0
HM-HM WHAT HAPPENED THEN,1
HM-HM WHAT HAPPENED THEN,1
HM-HM WHAT HAPPENED NEXT,1
WHAT HAPPENED THEN,1
CAN YOU TELL ME MORE ABOUT THE PART WHERE HE SHOWED YOU PICTURES ON THE COMPUTER,2
TELL ME MORE ABOUT THE PART ABOUT WHEN YOU SHOWED YOU PICTURES ON THE COMPUTER,1
AND WHAT ELSE HAPPENED THEN,1
TELL ME MORE ABOUT THE PART WHERE HE WANTED TO TEACH YOU A NEW GAME,1
AND WHAT HAPPENED THEN,1
WHAT HAPPENED THEN,1
AND THEN WHAT HAPPENED NEXT,1
TELL ME MORE ABOUT THE PART WHERE HE MADE YOU CRY,1
WHAT HAPPENED AFTER THAT,1
OKAY AND WHAT HAPPENED THEN,1
AND WHAT HAPPENED THEN,1
AND WHAT HAPPENED AFTER THAT,1
OKAY CAN YOU TELL ME MORE ABOUT THE PART WHERE HE TOUCHED YOUR DOODLE,2
TELL ME MORE ABOUT THE PART WHERE HE TOUCHED YOUR DOODLE,1
AND WHAT HAPPENED NEXT,1
TELL ME WHAT YOU'VE COME HERE TO TALK TO ME ABOUT TODAY,0
OKAY TELL ME MORE ABOUT HIM,1
TELL ME HOW YOU KNOW BEN,2
OKAY SO TELL ME WHEN DID BEN ASK YOU TO PLAY WITH HIM,2
OKAY AND TELL ME WHERE YOU WERE WHEN YOU SPOKE TO BEN,2
OKAY SO TELL ME MORE ABOUT THAT WHO WERE YOU WITH,1
OKAY WHO WERE THEY,2
OKAY TELL ME ABOUT THE GAME,1
OKAY SO TELL ME WHERE WERE THE TOILETS,2
YEAH AND OKAY SO TELL ME SO TELL ME WHAT BEN WHAT GAME BEN WANTED YOU TO PLAY,2
OKAY SO TELL ME ABOUT SO WHAT DID BEN ACTUALLY DO,2
OKAY SO BEN WRAPPED HIS HAND ON YOUR PEE- PEE IS THAT WHAT YOU SAID,2
OKAY SO TELL ME WHAT BEN DID WITH HIS HAND ON YOUR PEE-PEE JUST GIVE ME A LITTLE BIT MORE DETAIL THAN WHAT YOU JUST TOLD ME,1
OKAY AND WHERE WERE YOUR BATMAN UNDIES AT THAT STAGE,2
OKAY ALL RIGHT AND TELL ME WHAT WAS BEN DOING WHILE HE WAS TOUCHING YOUR PEE-PEE,2
OKAY AND WHAT FRIENDS DID BEN HAVE,2
OKAY WHERE WERE BEN'S FRIENDS,2
OKAY SO WHEN YOU SAY IN THE TOILET TELL ME WAS THAT IN A CUBICLE ITSELF OR IN THE ACTUAL TOILETS BUILDING,2
OKAY SO HOW MANY PEOPLE WERE IN THE CUBICLE WITH YOU,2
OKAY SO I WASN'T THERE SO I DON'T KNOW HOW MANY OF YOU SO THERE WAS YOU AND BEN AND THEN CAN YOU COUNT HOW MANY OTHER PEOPLE WERE IN THE CUBICLE,2
SO TELL ME HOW MANY OTHER PEOPLE,2
OKAY AND DO YOU KNOW HIS FRIENDS' NAMES,2
OKAY AND WHAT OKAY WHAT WAS BEN WEARING,2
OKAY AND WAS HE FULLY DRESSED,2
OKAY AND WHAT ABOUT HIS FRIENDS WHAT WERE THEY WEARING,2
OKAY AND CAN YOU TELL ME WHAT ONE OF HIS FRIENDS LOOK LIKE,2
OKAY SO TELL ME WHAT ONE OF THEM LOOKED LIKE IF YOU DESCRIBE THEM FOR ME,1
DO YOU KNOW HIS NAME,2
OKAY AND HOW OKAY AND HOW TALL WAS HE COMPARED TO BEN,2
ABOUT THE SAME AND JUST TELL ME ABOUT THE OTHER BOY THAT WAS WITH BEN AND THE BLOND BOY CAN YOU JUST TELL ME OR DESCRIBE HIM TO ME,2
BECAUSE I WASN'T THERE SO IF YOU DESCRIBE HIM FOR ME,2
OKAY AND CHRISTY IS IN YOUR CLASS,2
YEAH OKAY SO THOSE TWO BOYS THEY WERE LAUGHING WERE THEY DOING ANYTHING ELSE,2
OKAY AND SO BEN WAS TOUCHING YOUR PEE-PEE,2
OKAY AND SO THE OTHER TWO BOYS THEY WERE LAUGHING,2
OKAY DID THEY SAY ANYTHING TO BEN,2
DID THEY SAY ANYTHING TO YOU,2
OKAY SO WHEN BEN WAS TOUCHING YOUR PEE- PEE BECAUSE I WASN'T THERE CAN YOU DESCRIBE TO ME HOW HE WAS TOUCHING YOUR PEE-PEE,2
OKAY JUST DESCRIBE TO ME JUST TELL ME HOW HE WAS DOING THAT,2
OKAY SO WHEN YOU SAY AROUND IT WHAT DO YOU MEAN BY THAT,2
OKAY ALL RIGHT AND WHAT WERE YOU DOING WHEN THAT WAS HAPPENING,2
OKAY WHY DID YOU LAUGH,2
OKAY AND HOW DID YOU FEEL,2
OKAY AND SO YOUR FRIENDS IAN AND HARRY WHERE WERE THEY WHEN THAT WAS HAPPENING,2
OKAY SO YOU WERE IN THE CUBICLE AND WAS THE DOOR TO THE CUBICLE WAS THAT OPEN OR CLOSED,2
OKAY COULD YOU HEAR THEM AT ALL,2
OKAY AND YOU SAID THAT SO YOU SAID EARLIER THAT YOU HAD TO THAT HARRY AND IAN ALSO WENT INTO THE CUBICLE TELL ME ABOUT THAT,1
OKAY SO HOW LONG DID BEN TOUCH YOUR PEE- PEE FOR,2
OKAY TELL ME WHEN WHEN HE WAS TOUCHING YOUR PEE-PEE DID YOU TRY AND MOVE OR WERE YOU TRYING TO MOVE OR,2
:  HI ISABELLE TELL ME WHAT YOU'VE COME TO TALK TO ME ABOUT TODAY,0
: OKAY TELL ME EVERYTHING THAT HAPPENED WITH YOUR BROTHER,1
: HM HM-HM TELL ME ABOUT WHAT YOU DO AT THE PARK WITH YOUR BROTHER,1
: HM-HM HOW DO YOU GET REALLY HIGH,2
: HM OKAY ISABELLE I HEARD YOU TOLD MUM THAT YOU DON'T LIKE GOING IN THE TUNNEL AT THE PARK DID YOU TELL MUM THAT YOU DON'T LIKE GOING IN THE TUNNEL AT THE PARK,3
: YEAH TELL ME EVERYTHING THAT HAPPENED TO MAKE YOU NOT LIKE GOING IN THE TUNNEL AT THE PARK,3
: OKAY AND THEN WHAT HAPPENED,1
: HM-HM WHAT ELSE HAPPENED,1
: HM TELL ME MORE ABOUT DOCTORS,1
: HM-HM OKAY SO TELL ME WHAT HAPPENED WHEN YOU PLAYED DOCTORS,1
: HM AND THEN WHAT HAPPENED,1
: HM HM-HM WHAT ELSE HAPPENED,1
: OKAY OKAY AND HAS THAT HAPPENED ONE TIME OR MORE THAN ONE TIME,2
: OKAY WHAT ELSE HAPPENED,2
: HM-HM TELL ME MORE ABOUT THE PART WHERE IT REALLY HURT,1
: OKAY AND TELL ME MORE ABOUT THE PART WHERE HE WIGGLED IT IN AND OUT,1
: HM AND WHAT HAPPENED THEN,1
: YEAH OKAY AND THAT'S HAPPENED ONE TIME,2
: OKAY IS THERE ANYTHING ELSE THAT'S HAPPENED AT THE PARK THAT YOU DIDN'T LIKE,2
: NO NO OKAY ALL RIGHT OKAY SO TELL ME MORE ABOUT THE PART WHERE HE MADE YOU GO ON YOUR KNEES,1
: HM-HM OKAY AND WHAT ELSE HAPPENED WHEN HE MADE YOU GO ON YOUR KNEES,1
: OKAY WHAT ELSE HAPPENED,1
: HM-HM YEAH AND WHAT DID MUM SAY,2
: OKAY OKAY YEAH OKAY ISABELLE THANKS FOR TELLING ME ANSWERING MY QUESTIONS TODAY IS THERE ANYTHING ELSE THAT YOU CAN TELL ME ABOUT WHEN YOUR BROTHER WIGGLED A STICK IN AND OUT OF YOUR BOTTOM,2
: YOU DON'T KNOW OKAY TELL ME MORE ABOUT WHAT IT FELT LIKE YOU SAID IT HURT,1
: HM-HM OKAY OKAY TELL ME ANYTHING ELSE THAT YOU CAN REMEMBER ABOUT THAT TIME AT THE PARK IN THE TUNNEL,1
: CAN YOU TELL ME WHICH PART OF YOUR BOTTOM WAS HURT,2
: WITH THE STICK,2
: NO OKAY THANKS ISABELLE FOR TELLING ME FOR ANSWERING MY QUESTIONS I JUST WANT TO MAKE SURE THAT YOU KNOW WHO YOU CAN TALK TO IF YOU'RE NOT FEELING SAFE WHO CAN YOU TALK TO WHEN YOU'RE NOT FEELING SAFE,2
I: OKAY EXCELLENT OKAY AND IS THERE ANYTHING ELSE THAT YOU CAN TELL ME ABOUT THAT TIME AT THE PARK,3
HELLO ISABELLE TELL ME WHAT YOU'VE COME HERE TO TALK TO ME ABOUT TODAY,0
AND WHAT WOULD YOU LIKE TO TELL ME ABOUT YOUR BROTHER,2
OKAY TELL ME MORE ABOUT THE GAMES,1
AND WHAT HAPPENED WHEN YOU PLAYED DOCTORS,2
OKAY ISABELLE HAS THIS HAPPENED ONE TIME OR MORE THAN ONE TIME,2
AND CAN YOU TELL ME AS MUCH AS YOU CAN ABOUT THE LAST TIME THAT IT HAPPENED,2
OKAY TELL ME AS MUCH AS YOU CAN,1
AND DID YOU PLAY DOCTORS THAT TIME OR NOT,2
AND WHAT HAPPENED THEN,1
OKAY AND TELL ME MORE ABOUT THAT,1
OKAY TELL ME WHEN HE PUTS THE TEMPERATURE THING IN YOUR BOTTOM IS THAT AT THE FRONT OR AT THE BACK,2
TELL ME MORE ABOUT THE STICK,1
TELL ME MORE ABOUT THE TEMPERATURE THING,1
HI ISABELLE TELL ME WHAT YOU'VE COME HERE TO TALK TO ME ABOUT TODAY,0
ABOUT YOUR BROTHER I HEARD SOMETHING BAD HAPPENED TO YOU WHEN YOU WERE WITH YOUR BROTHER DID SOMETHING BAD HAPPEN TO YOU WHEN YOU WERE WITH YOUR BROTHER,3
TELL ME EVERYTHING ABOUT THE BAD THING THAT HAPPENED WITH YOUR BROTHER I WANT TO KNOW ALL ABOUT IT,1
WHAT HAPPENED NEXT,1
AND TELL ME MORE ABOUT THE PART WHERE HE HAD TO CHECK YOU WITH THE TEMPERATURE STICK,1
AND TELL ME ABOUT HOW YOU FELT THIS HAPPENS WITH THE TEMPERATURE STICK,2
JUST REALLY HURT JOHNNY TELL ME EVERYTHING ABOUT JOHNNY,1
AND ISABELLE WHEN YOU TOLD ME THAT THIS HAPPENED IN THE TUNNEL CAN YOU TELL ME WHEREABOUTS THE TUNNEL IS AT THE PARK,2
TELL ME WHERE THE TUNNEL IS AT THE PARK,2
ISABELLE CAN YOU TELL ME ALL THE GOOD THINGS ABOUT WHEN YOU PLAY WITH YOUR BROTHER,2
TELL ME ABOUT ALL THE BAD THINGS ABOUT WHEN YOU PLAY WITH YOUR BROTHER,1
ISABELLE ARE THERE TIMES WITH YOUR BROTHER THAT YOU DON'T FEEL SAFE WITH HIM,2
TELL ME ABOUT ALL THE TIMES WHEN YOU DO FEEL SAFE WITH YOUR BROTHER,1
ARE YOU ABLE TO TELL ME WHAT YOU'VE COME TO TALK TO ME ABOUT TODAY,2
OKAY WHAT IS IT THAT YOU WANT TO TELL ME ABOUT YOUR NEIGHBOUR,2
OKAY AND WHAT'S YOUR NEIGHBOUR'S NAME,2
JACK OKAY HAVE YOU BEEN PLAYING HIDE AND SEEK WITH JACK,2
WAS IT A SCHOOL DAY OR ON THE WEEKEND,2
OKAY ARE YOU GOOD AT ART,2
OKAY OKAY JACK WHERE WERE YOU,2
IS THAT RIGHT YEAH,2
OKAY OKAY AND WHAT HAPPENED WHEN JACK CAME OVER,2
OKAY AND WHAT DID YOU SAY ALAN,2
YEAH OKAY WHAT HAPPENED NEXT,1
ALL RIGHT THEN WHAT HAPPENED,1
OKAY AND SO DID YOU GO AND HIDE,2
OKAY HOW LONG DO YOU RECKON,2
YES OKAY AND WHAT HAPPENED WHEN JACK FOUND YOU BEHIND THE SHED,2
OKAY OKAY SO WHAT DID YOU DO WHEN JACK SAID THAT TO TAKE YOUR PANTS OFF,2
OKAY CAN YOU TELL ME A BIT ABOUT THAT PART ALAN AND TRY AND TELL ME AS MUCH AS YOU CAN BECAUSE I WASN'T THERE WITH YOU AND JACK SO IT'S HELPFUL IF YOU CAN TELL ME AS MUCH AS YOU REMEMBER ABOUT WHAT HAPPENED SO I CAN UNDERSTAND WHAT HAPPENED,2
OKAY OKAY AND WHEN YOU SAY STICK WHAT CAN YOU TELL ME WHAT YOU MEAN BY THAT,2
THE STICK YEAH,2
YEAH OKAY WHAT HAPPENED NEXT,1
OKAY AND WHEN YOU RAN INSIDE WHAT DID YOU DO,2
YEAH OKAY HAS THIS SPECIAL GAME OF HIDE AND SEEK HAPPEN JUST ONCE OR MORE THAN ONCE,2
TELL ME WHAT YOU'VE COME HERE TO TALK TO ME ABOUT TODAY,0
I HEARD THAT YOU HAD A PLAYDATE WITH YOUR FRIEND JANET DID YOU HAVE A PLAYDATE WITH YOUR FRIEND JANET,3
I NEED TO KNOW ALL ABOUT WHAT'S BEEN HAPPENING TELL ME EVERYTHING ABOUT YOUR PLAY DATE WITH JANET START FROM THE BEGINNING,0
WHAT ELSE HAPPENED,1
WHAT ELSE HAPPENED,1
TELL ME MORE ABOUT THE PART WHERE POP WAS AIMING THE HOSE AT YOU,1
AND WHAT HAPPENED NEXT,1
HM-HM WHAT HAPPENED THEN,1
WHAT ELSE HAPPENED,1
OKAY REMEMBER I WASN'T THERE SO TELL ME EVERYTHING ABOUT SWIMMING IN THE SPA IN AS MUCH DETAIL AS YOU CAN START FROM THE BEGINNING,0
WHAT HAPPENED WHEN THERE WAS A HAND ON YOUR PRIVATE,1
THEN WHAT HAPPENED,1
HAS THIS HAPPENED ONE TIME OR MORE THAN ONE TIME,2
TELL ME MORE ABOUT THE PART WHERE YOU LOOKED DOWN AND SAW A HAND ON YOUR PRIVATES,1
TELL ME MORE ABOUT THE PART WITH THE HAND ON TOP OF YOUR BATHERS,1
TELL ME MORE ABOUT THE PART WHERE HE PUSHED THE HAND AWAY,1
OKAY TELL ME MORE ABOUT THE PART WHERE YOU SAW IT WAS JANET'S POP'S HAND,1
REMEMBER I WASN'T THERE SO TELL ME EVERYTHING ABOUT THE PART WHERE JANET'S POP WAS REALLY CLOSE TO YOU IN AS MUCH DETAIL AS YOU CAN,0
HM-HM WHAT HAPPENED THEN,1
CAN YOU TELL ME TELL ME MORE ABOUT THE PART WHERE YOU PLAYED THE SPLASHING GAME,2
HELLO SOPHIE CAN YOU TELL ME WHAT YOU'VE COME HERE TO TALK TO ME ABOUT TODAY,2
YEAH WHAT I'D LIKE TO TALK TO YOU ABOUT IS WHAT HAPPENED THE LAST TIME YOU HAD AN ACCESS VISIT WITH YOUR DAD,3
CAN YOU TELL ME ABOUT THAT AND WHAT HAPPENED,2
HM-HM SO WHAT DID YOU DO WITH DAD,2
AH-HA OKAY AND WHAT HAPPENED NEXT,1
OH OKAY AND WHAT HAPPENED AFTER THAT,1
OKAY CAN YOU TELL ME ABOUT THAT,2
OKAY CAN YOU TELL ME ABOUT THE SPECIAL PRESENT,2
HM SO WHAT WAS THE SPECIAL PRESENT,2
OH OKAY CAN YOU TELL ME A LITTLE BIT ABOUT THE SPECIAL CUDDLE,2
OKAY OKAY SO HOW DID YOU FEEL ABOUT THAT,2
OKAY SO WHAT HAPPENED AFTER DAD DID THAT,1
OKAY AND WHAT HAPPENED AFTER THAT,1
OKAY YEAH DID YOU SPEAK TO ANYONE ABOUT THAT AFTER IT HAPPENED,2
NO OKAY SO YOU HAVEN'T SPOKEN TO ANYONE ELSE,3
OKAY CAN YOU TELL ME ABOUT THAT WHO YOU SPOKE TO,2
HM-HM SO WHO DID YOU SPEAK TO,2
OKAY AND WHAT DID MUM SAY,2
OKAY AND WHAT DID MUM SAY WHEN YOU TOLD HER,2
OKAY AND THAT'S WHY YOU'RE HERE TODAY,2
OKAY CAN YOU TELL ME ABOUT THAT ONE,2
OKAY WAS THAT WHEN YOU HAD ACCESS VISITS WITH DAD,3
YEAH O KAY AND WHAT HAPPENED THAT TIME WAS IT THE SAME SORT OF CUDDLE,2
OH OKAY YEAH CAN YOU REMEMBER HOW MANY TIMES,2
YEAH OKAY DID YOU TELL MUM ABOUT THAT TIME,2
YEAH OKAY AND HAS THERE BEEN ANYONE ELSE WITH DAD OR IS IT JUST YOU AND DAD,2
OKAY AND YOU WERE SAYING WHEN YOU SAID THE LAST TIME LIKE THE TIME BEFORE WAS THAT AT BEDTIME OR WAS THAT AT A DIFFERENT TIME,2
OKAY YEAH SO DOES DAD USUALLY GIVE SPECIAL CUDDLES AT BEDTIME,2
HM-HM OKAY SO IS THERE ANYTHING ELSE YOU WANT TO SPEAK TO ME ABOUT OR YOU THINK THAT I SHOULD KNOW,2
OKAY YOU'RE OKAY,2
OKAY HOW'S THAT HOW DOES THAT SOUND,2
MILLIE TELL ME WHAT YOU'VE COME HERE TO TALK TO ME ABOUT TODAY,0
TELL ME ABOUT YOUR COUSIN,1
OKAY TELL ME WHAT HAPPENED WITH CALLUM,1
OKAY CAN YOU EXPLAIN TO ME SORRY EXPLAIN TO ME WHY THE BED WAS BOUNCING,2
EXPLAIN TO ME WHY THE BED WAS BOUNCING,2
OKAY CAN YOU TELL ME EVERYTHING THAT WAS HAPPENING IN THE BEDROOM,2
CAN YOU EXPLAIN - EXPLAIN TO ME WHAT WAS HAPPENING IN THE BEDROOM,1
WHAT HAPPENED WHEN HE PULLED YOUR PJS DOWN,1
CAN YOU EXPLAIN THAT TO ME,2
EXPLAIN TO ME WHAT HAPPENED WHEN SOMETHING WENT INTO YOUR BOTTOM,1
WHERE WAS CALLUM WHEN THIS WAS HAPPENING,2
WHAT WAS CALLUM DOING WHEN HE WAS BEHIND YOU,2
CAN YOU TELL ME ABOUT HIS DIRTY SPOT,2
EXPLAIN THE DIRTY SPOT TO ME WHAT'S THAT,1
WHY WAS IT YUCK,2
DOES HIS PRIVATE PART HAVE ANOTHER NAME OR DO YOU KNOW IT BY ANY OTHER NAME,2
WHAT ELSE IS IT KNOWN BY,2
DID CALLUM SAY ANYTHING TO YOU WHEN THIS WAS HAPPENING,2
DID YOU TELL ANYONE ABOUT WHAT HAPPENED WITH CALLUM,2
WHO DID YOU TELL,2
AND WHAT DID YOU TELL YOUR MUM,2
WHAT HAPPENED AFTER HE DID THAT,1
WHAT DID CALLUM DO AFTER,2
DO YOU KNOW WHEN THIS WAS,2
SO CAN YOU TELL ME WHERE THIS HAPPENED,2
WHERE AS THAT,2
WHEREABOUTS IN CALLUM'S HOUSE,2
WHO ELSE WAS AT HOME,2
OKAY WAS THERE ANYONE ELSE AT HOME BESIDES HIS MUM AND DAD,2
AND WHO NORMALLY LIVES THERE,2
OKAY AND DO YOU KNOW WHEN IN THE DAY THIS WAS,2
CAN YOU TELL ME OR TELL ME WHEN IN THE DAY THIS WAS,2
OKAY DO YOU KNOW WHEN IN THE NIGHT-TIME,2
WHEN IN THE NIGHT-TIME WAS IT,2
OKAY AND WHEN DID YOU TELL YOUR MOTHER,2
DID YOU TELL ANYONE ELSE,2
DID CALLUM DO ANYTHING ELSE WHEN THIS HAPPENED,2
IS THERE ANYTHING ELSE THAT I NEED TO KNOW ABOUT THIS,2
CAN YOU TELL ME ABOUT THAT,2
WHAT ELSE IS IT THAT YOU WOULD LIKE TO TELL ME,2
TELL ME ABOUT THAT,1
AND WHAT HAPPENED AFTER THAT,1
WHEN WAS THE FIRST TIME SOMETHING LIKE THIS HAPPENED WITH CALLUM,2
HAS IT HAPPENED ANY OTHER TIMES,2
DID YOU TELL ANYONE ABOUT THE FIRST TIME IT HAPPENED,2
WHEN WAS IT THAT THE FIRST TIME HAPPENED,2
DO YOU REMEMBER WHERE IT WAS THAT THAT HAPPENED THE FIRST TIME,2
WHERE WAS THAT,2
WHY WERE YOU STAYING AT CALLUM'S HOUSE THAT TIME,2
AND WHO WAS AT CALLUM'S HOUSE THAT TIME,2
DO YOU REMEMBER WHERE YOUR MUM AND DAD WERE,2
TELL ME WHAT YOU'VE COME HERE TO TALK TO ME ABOUT TODAY,0
HM-HM SO TELL ME MORE ABOUT THE MERMAID GAME,1
OKAY AND WHAT ABOUT YOUR SWIMMER GAME,1
NOW I'M NOT THERE WHEN THAT HAPPENS SO CAN YOU TELL ME EVERYTHING YOU CAN ABOUT WHEN HE TICKLES YOU FROM YOUR TOES ALL THE WAY UP TO YOUR TUMMY,2
OKAY TELL ME MORE ABOUT WHEN HE TICKLES YOU,1
OKAY AND CAN YOU TELL ME EVERYTHING FROM THE START TO THE FINISH ABOUT WHEN HE TICKLES YOU ON THE MINI,2
OKAY AND TELL ME MORE ABOUT WHEN HE TICKLES YOU ON THE OUTSIDE OF YOUR MINI,1
OKAY AND TELL ME MORE ABOUT WHAT HAPPENS WHEN HE MOVES UP,1
OKAY AND THEN YOU GET OUT OKAY AND CAN YOU TELL ME YOU SAID THAT YOU HAVE A BATH WITH HIM EVERY NIGHT CAN YOU TELL ME HOW OFTEN YOU GUYS PLAY TICKLING GAMES,2
OKAY AND CAN YOU TELL ME MORE ABOUT WHEN HE TICKLES YOUR MINI WHAT ELSE HAPPENS,2
YEAH SO TELL ME MORE ABOUT WHAT ELSE HAPPENS,1
OKAY AND WHEN YOU SAY THAT HE TICKLES YOUR MINI CAN YOU TELL ME IS THAT ON TOP OR ONSIDE YOUR MINI OR SOMETHING ELSE,2
SO TELL ME MORE ABOUT WHAT HAPPENS WHEN YOU GET OUT OF THE BATH,1
OKAY AND CAN YOU TELL ME MORE ABOUT YOUR STEPDAD STEPHEN APART FROM WHAT YOU'VE ALREADY TOLD ME THAT HE'S VERY TALL AND HIS NAME IS STEPHEN AND HE GIVES YOU A BATH EVERY NIGHT,2
YEAH SO TELL ME MORE ABOUT YOUR STEPDAD,1
OKAY AND HOW OLD ARE YOU CHARLOTTE,2
HOW LONG HAVE YOU BEEN PLAYING TICKLING GAMES FOR,2
OKAY AND WHAT ELSE CAN YOU TELL ME ABOUT THE TICKLING GAMES,1
OKAY ALL RIGHT AND SO TELL ME MORE ABOUT WHEN YOU SPOKE TO TAMMY,1
YEAH OKAY AND JUST WHEN YOU'RE IN THE BATH CAN YOU TELL ME MORE APART FROM WHEN YOU'RE TICKLING MORE ABOUT WHAT STEPHEN IS DOING,2
YEAH SO TELL ME MORE ABOUT WHAT STEPHEN DOES WHEN YOU'RE IN THE BATH,1
CAN YOU TELL ME WHETHER STEPHEN IS IN THE BATH WITH YOU OUTSIDE THE BATH OR SOMETHING ELSE,2
TELL ME MORE ABOUT WHAT HE DOES WITH HIS HAND,1
AND TELL ME MORE ABOUT THE FINGERS THAT HE USES,1
HM AND TELL ME HOW HE WIGGLES THEM AROUND,2
OKAY SO TELL ME WHO ELSE YOU LIVE WITH,2
OKAY SO TELL ME MORE ABOUT MUM,1
SHE'S SOMEWHERE ELSE IS THERE ANYTHING ELSE YOU WANT TO TALK TO ME ABOUT WHAT STEPHEN DOES,2
SO ALAN WHO HAVE COME TO TALK TO ME ABOUT TODAY,2
OKAY I WANT YOU TO TELL ME MORE ABOUT JACK,1
TELL ME MORE ABOUT THE PART WHERE YOU PLAY GAMES WITH JACK,1
ALAN TELL ME MORE ABOUT THE HIDE AND SEEK GAME YOU PLAY WITH JACK,1
TELL ME MORE ABOUT THE DARES PART,1
AND WHAT SORT OF DARES DO YOU HAVE TO DO IN THE GAME,2
WHEN YOU PLAY THESE GAMES ALAN WHERE DO YOU PLAY THESE GAMES,2
I WANT TO GO BACK AND TALK A LITTLE BIT MORE ABOUT THE RUDE DARE TELL ME MORE ABOUT THE RUDE DARE,1
AND THEN WHAT HAPPENED,1
AND THEN WHAT HAPPENED,1
I WANT TO GO BACK TO THE BIT WHERE JACK MADE YOU TAKE YOUR PANTS OFF ALAN AND TELL ME EVERYTHING YOU REMEMBER ABOUT THAT BIT,1
AND WHAT WAS JACK DOING WHEN THIS WAS HAPPENING,2
HOW OLD IS JACK ALAN,2
AND YOU PLAYED THIS GAME THIS HIDE AND SEEK GAME THE OTHER DAY TELL ME MORE ABOUT THE OTHER DAY,1
HOW OFTEN DO YOU PLAY WITH JACK ALAN,2
AND HOW OFTEN DO YOU PLAY THE HIDE AND SEEK GAME,2
AND THEN WHAT HAPPENED,1
WHAT ELSE DID JACK SAY TO YOU,2
WHAT ELSE DID HE SAY,3
THAT'S OKAY I WANT TO GO BACK TO THE PART WHERE YOU SAID HE RUBBED YOUR DOODLE WITH HIS HAND TELL ME A BIT MORE ABOUT THAT PART,1
WHERE WAS MUM WHEN YOU WERE PLAYING HIDE AND SEEK ALAN,2
WHO ELSE WAS AROUND WHILE YOU WERE PLAYING HIDE AND SEEK,2
OKAY I WANT TO GO BACK I KNOW WE'VE ALREADY SPOKEN ABOUT THIS BUT I WANT TO GO BACK A BIT MORE ABOUT THE DARES WHAT ARE ALL THE DARES THAT HAVE HAPPENED DURING THIS GAME,2
HOW LONG DOES THE GAME GO FOR,2
AND WHERE IN YOUR BACKYARD DID YOU PLAY HIDE AND SEEK,2
CAN YOU TELL ME MORE ABOUT THAT BIT,2
OKAY TELL ME MORE ABOUT PLAYING HIDE AND SEEK BEHIND THE SHED,1
AND HOW MANY TIMES DID YOU PLAY HIDE AND SEEK WITH JACK ON THAT DAY,2
I WANT YOU TO TELL ME MORE ABOUT THE PART WHERE YOU PULLED YOUR PANTS DOWN,1
SARAH TELL ME WHY YOU HAVE COME IN TO SEE ME TODAY,0
OKAY TELL ME MORE ABOUT YOUR COUSIN,1
OKAY AND HOW OLD IS HE,2
OKAY TELL ME MORE ABOUT THE NASTY THINGS THAT HE SAID TO YOU,1
AND THEN WHAT HAPPENED,1
AND THEN WHAT HAPPENED,1
OKAY AND THEN WHAT HAPPENED,1
AND THEN WHAT HAPPENED,1
AND WHAT HAPPENED THEN,1
WAS ANYONE ELSE HOME AT THE TIME,2
TELL ME MORE ABOUT HIM TELLING YOU TO GO TO YOUR ROOM TELL ME EVERYTHING THAT HAPPENED,1
HM-HM AND HOW DO YOU KNOW THAT,2
OKAY AND WHERE WERE YOU WHEN HE TOLD YOU TO GO TO YOUR ROOM,2
OKAY AND WHERE WAS MARK WHEN HE TOLD YOU TO GO TO YOUR ROOM,2
HM AND WHERE WERE YOU WHEN HE WHIPPED YOU,2
TELL ME MORE ABOUT BEING ON YOUR BED,1
OKAY AND WERE YOU ON YOUR TUMMY OR YOUR BACK,2
WHY DID YOU LIE DOWN ON YOUR BED,2
OKAY AND WHAT DID YOU SAY,2
TELL ME MORE ABOUT WHAT HAPPENED WHEN HE STOPPED,1
OKAY DID ANYONE COME HOME DURING THAT TIME,2
WHERE WAS YOUR MUM,2
OKAY AND WHERE WAS YOUR DAD,2
WHAT TIME DID YOU GO TO BED,2
SO WHAT TIME DID THIS HAPPEN,2
WHAT WAS TOO SORE,2
OKAY AND THEN WHAT HAPPENED THE NEXT MORNING,1
OKAY DID YOU SEE YOUR MUM OR DAD,2
OKAY DID THEY SEE THAT YOU WERE HURTING,2
OKAY AND WHEN YOU GOT TO SCHOOL TELLME WHAT HAPPENED,1
AND THEN WHAT HAPPENED,1
OKAY AND WHAT DID YOU SAY,2
OKAY WHY DIDN'T YOU SAY ANYTHING,2
AND THEN WHAT HAPPENED,1
OKAY AND HOW ARE YOU FEELING NOW,2
ALL RIGHT SO IS THERE ANYTHING ELSE THAT YOU WOULD LIKE TO THAT YOU NEED TO TELL ME,2
IS THERE ANYTHING ABOUT WHAT HAPPENED TO YOU THAT WE HAVEN'T SPOKEN ABOUT,2
OKAY TELL ME ABOUT THAT,1
OKAY WHEN DID THAT HAPPEN,2
AND WHERE WERE YOU WHEN THAT HAPPENED,2
HI ISABELLE TELL ME WHAT YOU'VE COME HERE TO TALK TO ME ABOUT TODAY,0
TELL ME EVERYTHING ABOUT THE BAD THING THAT HAPPENED WITH YOUR BROTHER I WANT TO KNOW ALL ABOUT IT,1
WHAT HAPPENED NEXT,1
AND TELL ME MORE ABOUT THE PART WHERE HE HAD TO CHECK YOU WITH THE TEMPERATURE STICK,1
AND TELL ME ABOUT HOW YOU FELT THIS HAPPENS WITH THE TEMPERATURE STICK,2
AND ISABELLE WHEN YOU TOLD ME THAT THIS HAPPENED IN THE TUNNEL CAN YOU TELL ME WHEREABOUTS THE TUNNEL IS AT THE PARK,2
TELL ME WHERE THE TUNNEL IS AT THE PARK,2
ISABELLE CAN YOU TELL ME ALL THE GOOD THINGS ABOUT WHEN YOU PLAY WITH YOUR BROTHER,2
ALL THE GOOD THINGS WHAT ARE THE GOOD THINGS ABOUT WHEN YOU PLAY WITH YOUR BROTHER,1
TELL ME ABOUT ALL THE BAD THINGS ABOUT WHEN YOU PLAY WITH YOUR BROTHER,1
ISABELLE ARE THERE TIMES WITH YOUR BROTHER THAT YOU DON'T FEEL SAFE WITH HIM,2
TELL ME ABOUT ALL THE TIMES WHEN YOU DO FEEL SAFE WITH YOUR BROTHER,1
WHEN YOU PLAY ON THE TRAMPOLINE,2
:  JESSICA TELL ME WHAT YOU'VE COME HERE TO TALK TO ME ABOUT TODAY,0
: OKAY TELL ME MORE ABOUT THE BAD MAN,1
: WHERE DID YOU SEE THIS BAD MAN,2
: TELL ME MORE ABOUT THE SWIMMING POOL,1
: AND WHAT HAPPENED NEXT,1
: AND THEN WHAT HAPPENED,1
: AND THEN WHAT HAPPENED,1
: TELL ME MORE ABOUT WHEN THE BAD MAN CAME IN,1
: TELL ME MORE ABOUT WHEN HE SAID HE HAD TO HELP YOU WIPE,1
: AND WHAT DID HE DO AFTER HE SAID THAT,2
: TELL ME ABOUT WHEN HE PUT HIS HAND BETWEEN YOUR LEGS,1
: WHAT DO YOU MEAN BY RUBBED THE OUTSIDE,2
: AND WHAT WERE YOU FEELING,2
: AND WHAT HAPPENED AFTER THAT,1
: TELL ME MORE ABOUT THAT LADY,1
: WHAT DID SHE LOOK LIKE JESSICA,2
: TELL ME MORE ABOUT WHAT THE LADY SAID,1
: AND WHAT HAPPENED AFTER THAT,1
: OKAY NOW YOU TOLD ME A LITTLE BIT ABOUT THE BAD MAN CAN YOU TELL ME ABOUT HIM AGAIN,2
: TELL ME ABOUT THE BAD MAN,1
: WHAT ELSE DO YOU REMEMBER ABOUT THE MAN,1
: TELL ME MORE ABOUT HIS BROWN HAIR,1
: AND TELL ME MORE ABOUT HIS BLUE SHORTS,1
: TELL ME MORE ABOUT THE THONGS,1
I: HOW DID YOU KNOW HE'D BEEN SWIMMING,2
: DID YOU SEE HIM IN THE SWIMMING POOL,2
: HAVE YOU SEEN THAT MAN BEFORE,2
: HAVE YOU SEEN HIM SINCE YOU LEFT THE TOILET,2
: IS THERE ANYTHING ELSE YOU REMEMBER ABOUT THE MAN,2
: TELL ME MORE ABOUT WHEN HE CAME INTO THE CUBICLE,1
: AND THEN WHAT HAPPENED,1
: DO YOU KNOW ANY OTHER WORDS FOR YOUR MINI,2
: WHAT OTHER WORDS DO YOU KNOW,2
: TELL ME MORE ABOUT HOW HE RUBBED YOUR MINI,1
I: WHAT PART OF HIS BODY DID HE USE,2
: CAN YOU TELL ME MORE ABOUT HIS HAND,2
: TELL ME MORE ABOUT HIS HAND,1
: WAS THERE ANYBODY ELSE IN THE TOILET AT THE TIME,2
: AND WHEN YOU LEFT THE TOILET WHERE DID YOU GO,2
: WHEN DID YOU TELL HER WHAT HAPPENED,2
: TELL ME MORE ABOUT MUMMY GET ANGRY,1
:  SARAH TELL ME WHAT YOU'VE COME HERE TODAY TO TALK TO ME ABOUT,0
: OKAY ALL RIGHT I WAS HAVING A CHAT TO YOUR SCHOOL NURSE AND SHE TOLD ME ABOUT SOME MARKS ON YOUR BACK CAN YOU TELL ME ABOUT THOSE MARKS ON YOUR BACK,3
: WHAT CAN YOU TELL ME ABOUT THOSE MARKS,2
: AND TELL ME ABOUT WHERE THOSE MARKS ARE,2
: WHERE DID YOU GET THOSE MARKS FROM,2
: WHO'S YOUR COUSIN,2
: DO YOU KNOW HOW OLD CALLUM IS,2
: HOW OLD IS CALLUM,2
: AND WHERE DOES CALLUM LIVE,2
: DOES IT TAKE YOU A LONG TIME TO GET TO CALLUM'S HOUSE,2
: TELL ME WHO CALLUM'S PARENTS ARE,2
: AND WHAT DO YOU CALL THEM AUNT,2
: OKAY THESE MARKS ON YOUR BACK TELL ME WHAT HAPPENS WHEN YOU GET THE MARKS ON YOUR BACK,2
: TELL ME HOW HE WHIPPED YOU,2
: TELL ME WHAT CALLUM USED WHEN HE WHIPPED YOU,2
: WHERE DID HE GET THAT STICK FROM,2
: AND WHOSE GARDEN WAS IT,2
: OKAY AND IS THAT YOUR GARDEN AT YOUR HOUSE,2
: SO TELL ME WHAT YOU WERE DOING WHEN CALLUM WHIPPED YOU WITH THE STICK,2
: WAS HE PLAYING A GAME AT THE TIME,2
: OKAY TELL ME WHAT HAPPENED AFTER YOU LAID ON YOUR STOMACH,2
: OKAY TELL ME WHAT YOU DID WHEN HE STARTED WHIPPING YOU WITH THE BIG STICK,2
: WHAT DID IT FEEL LIKE WHEN HE WHIPPED WITH THE BIG STICK,2
: WERE YOU PLAYING WITH ANYONE ELSE AT THE TIME,2
: TELL ME WHERE YOUR MUM AND DAD WERE WHEN THIS HAPPENED,2
I: WHERE HAD THEY GONE WHEN THEY WENT OUT,2
: OKAY AND WHO WAS LOOKING AFTER YOU WHEN MUM AND DAD WERE AT WORK,2
: AND WHERE WERE CALLUM'S MUM AND DAD,2
: SO WHAT WERE YOU DOING WHEN YOU WERE IN THE GARDEN WITH CALLUM,2
: OKAY AND WHAT WAS CALLUM DOING IN THE GARDEN BY HIMSELF,2
: AND WHAT HAPPENED AFTER CALLUM GOT THE STICK,2
: WHERE WERE YOU WHEN CALLUM STARTED WHIPPING YOU WITH THE BIG STICK,2
: TELL ME ABOUT THE BIG STICK,1
: HOW BIG WAS IT YOU SAID IT WAS BIG HOW BIG IS BIG,2
: SO WHEN CALLUM WAS WHIPPING YOU WITH THE BIG STICK AND YOU WERE ON YOUR BED HOW MANY TIMES DID HE HIT YOU,2
: AND WHAT WERE YOU DOING WHILST HE WAS HITTING YOU,2
: DID YOU SAY ANYTHING TO CALLUM WHILE HE WAS HITTING YOU WITH THE BIG STICK,2
: DID CALLUM SAY ANYTHING TO YOU WHILE HE WAS HITTING YOU WITH THE BIG STICK,2
: OKAY AND TELL ME WHAT HAPPENED AFTER CALLUM HIT YOU WITH THE BIG STICK,2
I: WAS IT DARK OUTSIDE,2
: WHERE DOES MUM WORK,2
: OKAY WHAT DOES SHE DO AT THE HOSPITAL,2
: OH WOW OKAY AND WHERE DOES DAD WORK,2
: AND WHAT DOES DAD DO,2
: SO WHO NORMALLY LOOKS AFTER YOU WHILE MUM AND DAD ARE AT WORK,2
: OKAY WHERE WAS THE NEIGHBOUR ON THIS OCCASION WHEN CALLUM WAS LOOKING AFTER YOU,2
: OKAY AND WERE YOU AT SCHOOL THE DAY THAT CALLUM WAS LOOKING AFTER YOU,2
: HAD YOU BEEN TO SCHOOL THAT DAY,2
: TELL ME WHAT HAPPENED AFTER YOU LEFT SCHOOL THAT DAY,2
: TELL ME WHAT HAPPENED AFTER YOU GOT HOME FROM SCHOOL,2
: AND WHAT DID YOU DROP THE CRUMBS FROM,2
: WHERE DID YOU DROP THE CRUMBS,2
: WHAT FLOOR DID YOU DROP THEM ON,2
HI LUCY TELL ME WHAT YOU'VE COME TO TALK TO ME ABOUT TODAY,0
HM I WASN'T THERE WHEN MR MATTHEWS WELL I HAVEN'T MET MR MATTHEWS TELL ME EVERYTHING ABOUT MR MATTHEWS,1
HM WHAT ELSE CAN YOU TELL ME ABOUT MR MATTHEWS,1
HM AND WHAT ELSE CAN YOU TELL ME ABOUT MR MATTHEWS,3
HM-HM AND WHAT ELSE,3
TELL ME MORE ABOUT WHEN MR MATTHEWS TEACHES YOU ART,1
HM-HM TELL ME MORE ABOUT WHEN YOU PUT THE PAINTS AWAY,1
HM TELL ME MORE ABOUT THAT,1
HM-HM SO TELL ME MORE ABOUT THE DARE,3
HM-HM TELL ME MORE ABOUT THAT,1
HM-HM SO TELL ME FIRST TELL ME MORE ABOUT WHEN THE DARE AND HE GOES FIRST,1
YEAH AND THEN WHAT HAPPENS AFTER HE GOES FIRST,1
HM-HM AND THEN WHAT HAPPENS,1
AND THEN WHAT HAPPENS,1
AND THEN WHAT HAPPENED AFTER THAT,1
HM AND THEN WHAT HAPPENED,1
HM-HM AND THEN WHAT HAPPENED,1
AND THEN WHAT HAPPENED AFTER THAT,1
HM AND THEN WHAT HAPPENED AT SCHOOL,2
HM-HM AND THEN WHAT HAPPENED,1
SO TELL ME A BIT MORE ABOUT IN THE CUPBOARD,1
HM-HM WHAT ELSE CAN YOU REMEMBER ABOUT THE CUPBOARD,1
WHAT ELSE ABOUT THE CUPBOARD,3
HAVE YOU BEEN IN THAT CUPBOARD BEFORE,2
HM-HM TELL ME ABOUT WHEN YOU'VE BEEN IN THE CUPBOARD BEFORE,1
HM-HM TELL ME MORE ABOUT WHEN MR MATTHEWS WENT TO THE CUPBOARD WITH YOU,1
AND WHAT HAPPENS AFTER HE FOLLOWS YOU IN,1
HM-HM SO TELL ME MORE ABOUT THE PART WITH THE SHOW AND TELL,1
:  TELL ME ABOUT WHAT YOU'VE COME HERE TO TALK TO ME ABOUT TODAY,0
: TELL ME MORE ABOUT THE BAD MAN,1
: AND WHERE DID YOU MEET THE BAD MAN,1
: WHAT TOILET WAS THAT,2
: CAN YOU TELL ME EVERYTHING THAT YOU REMEMBER ABOUT THE BAD MAN IN THE TOILET AT KMART,2
: WHAT HAPPENED,2
: OKAY AND THEN WHAT HAPPENED,1
: CAN YOU REMEMBER WHAT HAPPENED AFTER THAT,2
: TELL ME WHAT HAPPENED AFTER THAT,1
: AND THEN WHAT HAPPENED,1
: AND CAN YOU REMEMBER WHAT HAPPENED NEXT,2
: WHAT HAPPENED NEXT,1
: AND THEN WHAT HAPPENED,1
: YEAH AND HOW DID YOU FEEL WHEN THIS WAS HAPPENING,2
I: WHAT HAPPENED AFTER SO AFTER YOU STARTED CRYING,1
: AND WHAT DID YOU DO AFTER THAT,1
: OKAY CAN YOU REMEMBER WHEN THIS HAPPENED,2
: TELL ME WHEN THIS HAPPENED,2
: WHAT HAD YOU BEEN DOING ON THAT DAY,2
: OKAY AND WHO WERE YOU WITH,2
: IS THAT RIGHT,2
: OKAY CAN YOU TELL ME MORE ABOUT WHAT HAPPENED WHEN YOU WERE IN THE TOILET WITH THE BAD MAN,2
: SO DID HE SAY ANYTHING TO YOU,2
: WHAT DID HE SAY TO YOU,2
: DID HE SAY ANYTHING ELSE TO YOU,2
: AND CAN YOU REMEMBER HIM SAYING ANYTHING ELSE,2
I: WHAT ELSE DID HE SAY,2
: OKAY AND DID HE DO ANYTHING ELSE,2
: AND CAN YOU REMEMBER IF HE WAS RUBBING YOU UNDER YOUR CLOTHES ON TOP OF YOUR CLOTHES OR SOMEWHERE ELSE,2
: OKAY AND WHAT WERE YOU DOING WHEN THIS HAPPENED,2
: DID YOU SAY ANYTHING,2
: OKAY AND CAN YOU REMEMBER HOW LONG THIS HAPPENED FOR,2
: CAN YOU TELL ME HOW LONG,2
: HOW LONG DID IT HAPPEN FOR,2
: A LONG TIME AND AFTER HOW DID IT STOP,2
: WAS THERE ANYONE ELSE IN THE TOILET,2
: WHO ELSE WAS IN THE TOILET,2
: AND DID YOU TALK TO THE LADY,2
I: WHAT DID YOU SAY,2
: WHAT DID SHE SAY TO YOU,2
: DID SHE SAY ANYTHING ELSE,2
: DID SHE SEE THE MAN,2
: CAN YOU REMEMBER ANYTHING ELSE ABOUT THE LADY,2
: WHAT ELSE DO YOU REMEMBER,2
: OKAY AND AFTER SHE SPOKE TO YOU WHAT HAPPENED AFTER THAT,1
: DID YOU GO BACK TO MUM ON YOUR OWN,2
: OKAY AND HOW DID YOU FEEL DURING THIS TIME,2
: OKAY IS THERE ANYTHING ELSE THAT YOU CAN REMEMBER ABOUT WHAT HAPPENED THAT DAY AT KMART,2
: AND CAN YOU TELL ME MORE ABOUT THE MAN,2
: WHAT CAN YOU TELL ME,2
: AND WHEN YOU LEFT THE TOILET WHERE DID THE MAN GO,2
: OKAY DID ANYONE ELSE SEE HIM,2
: AND DID YOU TELL MUM,2
: WHEN DID YOU TELL MUM,2
: THE SAME NIGHT,2
: AND WHAT DID MUM SAY,2
: OH OKAY AND THEN YOU TOLD MUM AND THEN WHAT HAPPENED,1
TELL ME WHAT YOU'VE COME HERE TO TALK TO ME ABOUT TODAY,0
YEAH YEAH TELL ME EVERYTHING THAT HAPPENED WITH UNCLE GEORGE START FROM THE BEGINNING,0
TELL ME WHAT HAPPENS IN THE YUCKY GAME,2
TELL ME SOME MORE ABOUT THE BIG BOYS GAME,1
YOU TAKE YOUR TRUCK THERE HAS UNCLE GEORGE MADE YOU PLAY THE BIG BOYS GAME ONE TIME OR MORE THAN ONE TIME,2
ONE TIME SO TELL ME EVERYTHING ABOUT THAT ONE TIME PLAYING THE BIG BOYS GAME AND DON'T FORGET I WASN'T THERE SO I DON'T KNOW WHAT HAPPENED,0
HM-HM SO TELL ME MORE ABOUT THE PART WHERE HE PUT HIS HAND IN YOUR UNDIES,1
AND THEN WHAT HAPPENED,1
HM-HM AND WHAT ELSE HAPPENED,1
HM AND THEN WHAT HAPPENED,1
HM-HM AND YOU TOLD MUM ABOUT THE YUCKY GAME,2
AND WHAT DID MUM SAY,2
SO TELL ME SOME MORE ABOUT THE START TELL ME SOME MORE ABOUT THE RUDE PEOPLE,1
AND WHAT ELSE DID HE SAY,2
HM THAT'S GOOD IT'S GOOD TO TELL MUM AND DID UNCLE GEORGE SAY ANYTHING ELSE,2
AND WHEN DID THIS HAPPEN WAS IT A LONG TIME AGO,2
DO YOU WANT TO TELL ME A LITTLE BIT ABOUT WHY YOU'VE COME TO SEE ME TODAY,2
SO YOU WANT TO TELL ME ABOUT WHY MUM AND DAD MAY HAVE BROUGHT YOU IN TO SEE ME DO YOU UNDERSTAND WHY YOU ARE HERE,2
HM-HM DO YOU WANT TO TELL ME A LITTLE BIT ABOUT WHEN THAT HAPPENED,2
SO TELL ME ABOUT THAT TIME,1
HM-HM AND WHAT HAPPENED THEN,1
HM-HM AND THEN DID ANYTHING ELSE HAPPEN,2
HM-HM AND THEN WHAT,1
OKAY DO YOU WANT TO TELL ME A LITTLE BIT ABOUT MORE ABOUT THE PART WHEN HE PUT HIS HAND ON YOUR WILLY,2
YES SO WHO WAS THERE,2
HM-HM DO YOU KNOW THEIR NAMES,2
YEAH SO TELL ME A LITTLE BIT ABOUT WHAT THEY WERE DOING WHEN HE PUT HIS HAND ON YOUR WILLY,2
HM-HM AND THEN WHAT HAPPENED,1
HM-HM AND WHAT DID THEY SAY,2
HM-HM DID ANYTHING ELSE HAPPEN,2
DID YOU TELL ANYBODY,2
HM-HM AND THEN WHAT ELSE HAPPENED,1
HM-HM AND THEN WHAT,1
WHO IS DANIEL,2
HM-HM SO WHAT HAPPENED WHEN DANIEL STARTED CRYING,2
HM-HM AND THEN WHAT HAPPENED,1
OKAY AND WHAT HAPPENED AFTER THAT,1
HM-HM AND THEN WHAT HAPPENED AFTER THAT,1
HM-HM SO DO YOU WANT TO TELL ME A LITTLE BIT ABOUT WHAT YOU SPOKE TO YOUR MUM AND DAD ABOUT,2
YEAH WHAT DID YOU SPEAK TO THEM ABOUT START FROM THE BEGINNING,0
OKAY DO YOU WANT TO TELL ME A LITTLE BIT ABOUT ANOTHER TIME THAT IT HAPPENED YOU SAID THAT IT HAPPENED MORE THAN ONCE,2
OKAY SO THERE WAS TWO TIMES THAT YOU WERE TAKEN INTO THE TOILETS,2
AND THE BOYS WERE THERE,2
CAN YOU TELL ME ABOUT CAN YOU DESCRIBE TO ME THE OTHER BOYS YOU SAID YOU DIDN'T KNOW THEIR NAMES BUT COULD YOU DESCRIBE TO ME SOME OF THE OTHER BOYS WHAT THEY LOOKED LIKE,2
YEAH OKAY CAN YOU DO THAT FOR ME NOW,2
START AT THE BEGINNING,0
OKAY AND HAVE YOU SEEN THE BOYS BEFORE,2
TELL ME WHAT YOU'VE COME HERE TO TALK TO ME ABOUT TODAY,0
WAS ANYONE ELSE AROUND AT THE TIME,2
OKAY CAN YOU TELL ME WHAT HAPPENED THEN,2
DID HE SAY ANYTHING TO YOU,2
AND THEN WHAT HAPPENED,1
IS HIS PRIVATE ATTACHED TO HIS BODY,2
IS THIS THE FIRST TIME THIS HAS HAPPENED,2
HOW MANY TIMES DO YOU THINK IT HAPPENED BEFORE THAT TIME,2
WHOSE HOUSE WERE YOU AT,2
SO IT'S ALWAYS HAPPENED AT CALLUM'S HOUSE,3
HM-HM AND HAS THERE EVER BEEN ANYONE ELSE AROUND,2
OKAY AND HAS IT BEEN HAPPENING FOR A LONG TIME,2
SO NOT A LONG TIME,2
AND DOES HE SAY ANYTHING TO YOU,2
AND WHAT DO YOU SAY AT THE TIME,2
WHO HAVE YOU TOLD,2
SO YOUR MUM KNOWS ABOUT IT,2
AND WHAT HAPPENED AFTER YOU TOLD HER,2
OKAY OKAY CAN YOU TELL ME ABOUT THE VERY FIRST TIME THAT IT HAPPENED,2
WHEN WAS THAT DO YOU REMEMBER,2
HM-HM WHAT WAS HIS HAND DOING,2
OKAY SO AT THAT TIME HE DID JUMP INTO BED WITH YOU,2
OKAY SO IT SOUNDS LIKE THE FIRST TIME HE CAME IN AND THEN HE HEARD A NOISE SO HE LEFT,2
AND THEN THE SECOND TIME HE CAME IN AND HE JUMPED INTO BED WITH YOU,2
YEAH OKAY AND THEN YOU TOLD YOUR MUM,2
AND SHE TOLD YOU TO COME AND SPEAK TO ME,2
OKAY IS THERE ANYTHING ELSE ABOUT THAT NIGHT WITH CALLUM THAT YOU HAVEN'T TOLD ME,2
YEAH HAVE YOU SEEN CALLUM SINCE THEN,2
HOW COME,2
AND THE SECOND TIME WHEN HE ACTUALLY CAME INTO THE BED WITH YOU WHAT DID YOU TELL YOUR MUM,2
HM-HM AND WHAT DID SHE SAY,2
HAVE YOU BEEN TO CALLUM'S HOUSE SINCE THEN,2
OKAY HAVE YOU TOLD ANYONE ELSE ABOUT WHAT HAPPENED,3
TELL ME WHAT YOU'VE COME TO TALK TO ME ABOUT TODAY ISABELLE,0
OKAY THAT'S OKAY I HEARD YOU TOLD YOUR MUM THAT YOU DON'T LIKE GOING TO THE PARK ANYMORE DID YOU TELL YOUR MUM YOU DON'T LIKE GOING TO THE PARK ANYMORE,3
OKAY WHY DON'T YOU LIKE GOING TO THE PARK ANYMORE,2
SO WHY DON'T YOU LIKE GOING TO THE PARK ANYMORE,3
OKAY ALL RIGHT I HEAR YOU TOLD YOUR MUM THAT YOUR BOTTOM WAS SORE DID YOU TELL YOUR MUM THAT YOUR BOTTOM WAS SORE,3
SO I'M HERE TO FIND OUT WHAT HAPPENED TO YOU AND WHAT HAPPENED TO MAKE YOUR BOTTOM GET SORE OKAY SO I NEED TO KNOW WHAT HAPPENED AND CAN YOU START FROM THE BEGINNING,0
OKAY ALL RIGHT THANK YOU FOR TELLING ME ABOUT THAT ISABELLE THE VERY LAST TIME YOU WENT TO THE PARK WITH YOUR BROTHER I WANT TO KNOW EVERYTHING THAT HAPPENED EVEN THE LITTLE THINGS THAT HAPPENED OKAY SO START FROM THE BEGINNING AND TELL ME ALL ABOUT THE PARK WHEN YOU WENT TO THE PARK WITH YOUR BROTHER,0
OKAY TELL ME EVERYTHING ABOUT THE DOCTORS GAME,1
SO WHAT HAPPENS WHEN YOU PLAY THIS DOCTORS GAME WITH JOHNNY,1
AND WHAT ELSE HAPPENS,1
OKAY AND WHAT HAPPENS WHEN HE CHECKS YOUR TEMPERATURE AND IT HURTS YOU,1
AND WHEN THIS IS HAPPENING WHERE ARE YOU,2
OKAY AND I WANT TO KNOW MORE ABOUT THAT PART BUT JUST BEFORE YOU TELL ME EVERYTHING ABOUT THAT PART BEFORE YOU GO INTO THE TUNNEL WHAT'S THE THING THAT HAPPENS BEFORE YOU GO INTO THE TUNNEL,1
HM-HM AND THEN WHAT'S THE NEXT THING THAT HAPPENED AFTER YOU WERE PLAYING ON THE SEE-SAW,1
OKAY TELL ME EVERYTHING ABOUT THE PART WHEN JOHNNY STICKS A STICK UP YOUR BUM,1
AND WHAT'S THE NEXT THING THAT HAPPENS,1
OKAY ALL RIGHT ISABELLE HAS THIS HAPPENED ONE TIME OR MORE THAN ONE TIME,2
OKAY AND WHEN YOU WENT HOME WHAT DID YOU GUYS DO,1
HM-HM OKAY AND WHEN DID YOU TELL SOMEONE ABOUT WHAT HAPPENED TO YOU,2
OKAY ALL RIGHT SO TELL ME ALL ABOUT YOUR BROTHER YOUR BROTHER JOHNNY,1
AND THAT'S ALL WHAT ARE SOME THINGS THAT YOU LIKE ABOUT JOHNNY,1
DON'T KNOW OKAY AND THIS TIME THAT YOU WENT TO THE PARK WHERE JOHNNY HAS HURT YOU WHEN DID THIS HAPPEN,2
YEAH OKAY AND BEFORE YOU WENT TO THE PARK WHAT WERE YOU DOING,2
YEAH AND WHAT WERE YOU DOING AT HOME,3
AND WHAT WERE YOU DOING WHEN YOU WERE PLAYING BY YOURSELF,2
AND HOW DID YOU AND JOHNNY GET TO THE PARK,2
OKAY ALL RIGHT AND HOW LONG DID IT TAKE YOU TO WALK TO THE PARK,2
OKAY THA'S OKAY WHO ELSE WAS IN THE PARK WITH YOU AND JOHNNY,2
NO ONE ELSE,2
OKAY AND WHAT ELSE HAPPENS IN THE PARK,1
AND WHAT HAPPENED WHEN HE CHECKED YOUR BONES WITH THE STICK,1
OKAY AND HOW HAS HE DONE THAT,2
OKAY AND WHAT HAPPENED AFTER THAT,1
